Zone,Species,timeRad,ImageDate,Month,Day,Year,LocationName,
2,Wild_pig,0.35663,6/21/2015,6,21,2015,29,
2,Wild_pig,0.98247,6/21/2015,6,21,2015,42,
2,Wild_pig,1.04785,6/21/2015,6,21,2015,36,
2,Wild_pig,1.2194,6/21/2015,6,21,2015,33,
2,Wild_pig,1.55043,6/21/2015,6,21,2015,3,
2,Wild_pig,1.94066,6/21/2015,6,21,2015,2,
2,Wild_pig,4.77071,6/21/2015,6,21,2015,43,
2,Wild_pig,5.47539,6/21/2015,6,21,2015,41,
2,Wild_pig,5.59538,6/21/2015,6,21,2015,46,
2,Wild_pig,5.80635,6/21/2015,6,21,2015,12,
2,Wild_pig,6.04691,6/21/2015,6,21,2015,42,
2,Wild_pig,6.17992,6/21/2015,6,21,2015,39,
2,Wild_pig,0.0072,6/21/2016,6,21,2016,43,
2,Wild_pig,5.27388,6/21/2016,6,21,2016,39,
2,Wild_pig,0.58767,6/22/2015,6,22,2015,33,
2,Wild_pig,0.96677,6/22/2015,6,22,2015,24,
2,Wild_pig,1.51902,6/22/2015,6,22,2015,7,
2,Wild_pig,1.66868,6/22/2015,6,22,2015,34,
2,Wild_pig,4.59974,6/22/2015,6,22,2015,18,
2,Wild_pig,5.08873,6/22/2015,6,22,2015,33,
2,Wild_pig,5.58753,6/22/2015,6,22,2015,8,
2,Wild_pig,6.27388,6/22/2015,6,22,2015,8,
2,Wild_pig,0.13992,6/22/2016,6,22,2016,29,
2,Wild_pig,4.23671,6/22/2016,6,22,2016,2,
2,Wild_pig,5.15498,6/22/2016,6,22,2016,29,
2,Wild_pig,5.67108,6/22/2016,6,22,2016,30,
2,Wild_pig,6.16836,6/22/2016,6,22,2016,11,
2,Wild_pig,0.3399,6/23/2015,6,23,2015,42,
2,Wild_pig,0.36056,6/23/2015,6,23,2015,18,
2,Wild_pig,1.01185,6/23/2015,6,23,2015,8,
2,Wild_pig,2.09665,6/23/2015,6,23,2015,3,
2,Wild_pig,2.51531,6/23/2015,6,23,2015,45,
2,Wild_pig,4.72664,6/23/2015,6,23,2015,36,
2,Wild_pig,6.08996,6/23/2015,6,23,2015,24,
2,Wild_pig,0.15032,6/23/2016,6,23,2016,41,
2,Wild_pig,0.94924,6/23/2016,6,23,2016,33,
2,Wild_pig,5.9555,6/23/2016,6,23,2016,10,
2,Wild_pig,6.12087,6/23/2016,6,23,2016,38,
2,Wild_pig,0.23496,6/24/2015,6,24,2015,42,
2,Wild_pig,0.54789,6/24/2015,6,24,2015,43,
2,Wild_pig,0.73667,6/24/2015,6,24,2015,8,
2,Wild_pig,1.02233,6/24/2015,6,24,2015,3,
2,Wild_pig,1.34587,6/24/2015,6,24,2015,48,
2,Wild_pig,5.7441,6/24/2015,6,24,2015,15,
2,Wild_pig,5.83667,6/24/2015,6,24,2015,41,
2,Wild_pig,6.06422,6/24/2015,6,24,2015,15,
2,Wild_pig,6.07869,6/24/2015,6,24,2015,36,
2,Wild_pig,0.1549,6/24/2016,6,24,2016,10,
2,Wild_pig,0.96677,6/24/2016,6,24,2016,6,
2,Wild_pig,5.50491,6/24/2016,6,24,2016,8,
2,Wild_pig,0.21438,6/25/2015,6,25,2015,42,
2,Wild_pig,0.59327,6/25/2015,6,25,2015,28,
2,Wild_pig,0.64861,6/25/2015,6,25,2015,44,
2,Wild_pig,0.70424,6/25/2015,6,25,2015,8,
2,Wild_pig,0.76693,6/25/2015,6,25,2015,41,
2,Wild_pig,0.91703,6/25/2015,6,25,2015,15,
2,Wild_pig,1.03694,6/25/2015,6,25,2015,1,
2,Wild_pig,3.77944,6/25/2015,6,25,2015,31,
2,Wild_pig,4.86983,6/25/2015,6,25,2015,18,
2,Wild_pig,5.16821,6/25/2015,6,25,2015,17,
2,Wild_pig,5.47423,6/25/2015,6,25,2015,41,
2,Wild_pig,5.79035,6/25/2015,6,25,2015,6,
2,Wild_pig,6.25053,6/25/2015,6,25,2015,29,
2,Wild_pig,0.5244,6/25/2016,6,25,2016,29,
2,Wild_pig,1.03527,6/25/2016,6,25,2016,29,
2,Wild_pig,1.23598,6/25/2016,6,25,2016,2,
2,Wild_pig,5.01717,6/25/2016,6,25,2016,33,
2,Wild_pig,5.33613,6/25/2016,6,25,2016,2,
2,Wild_pig,5.45772,6/25/2016,6,25,2016,46,
2,Wild_pig,5.47648,6/25/2016,6,25,2016,3,
2,Wild_pig,0.02429,6/26/2015,6,26,2015,8,
2,Wild_pig,0.39503,6/26/2015,6,26,2015,41,
2,Wild_pig,0.74366,6/26/2015,6,26,2015,12,
2,Wild_pig,1.35765,6/26/2015,6,26,2015,33,
2,Wild_pig,5.16537,6/26/2016,6,26,2016,9,
2,Wild_pig,5.68861,6/26/2016,6,26,2016,8,
2,Wild_pig,6.1453,6/26/2016,6,26,2016,19,
2,Wild_pig,5.04386,6/27/2015,6,27,2015,33,
2,Wild_pig,5.53633,6/27/2015,6,27,2015,11,
2,Wild_pig,5.65109,6/27/2015,6,27,2015,39,
2,Wild_pig,5.84198,6/27/2015,6,27,2015,26,
2,Wild_pig,6.02211,6/27/2015,6,27,2015,3,
2,Wild_pig,6.1725,6/27/2015,6,27,2015,37,
2,Wild_pig,0.56338,6/27/2016,6,27,2016,1,
2,Wild_pig,1.29053,6/27/2016,6,27,2016,33,
2,Wild_pig,5.04146,6/27/2016,6,27,2016,6,
2,Wild_pig,5.79864,6/27/2016,6,27,2016,2,
2,Wild_pig,0.12843,6/28/2015,6,28,2015,15,
2,Wild_pig,0.23955,6/28/2015,6,28,2015,24,
2,Wild_pig,0.48927,6/28/2015,6,28,2015,3,
2,Wild_pig,0.75464,6/28/2015,6,28,2015,15,
2,Wild_pig,0.95906,6/28/2015,6,28,2015,1,
2,Wild_pig,1.11468,6/28/2015,6,28,2015,44,
2,Wild_pig,1.28347,6/28/2015,6,28,2015,29,
2,Wild_pig,5.14239,6/28/2015,6,28,2015,3,
2,Wild_pig,5.32529,6/28/2015,6,28,2015,14,
2,Wild_pig,5.57189,6/28/2015,6,28,2015,41,
2,Wild_pig,1.20806,6/28/2016,6,28,2016,6,
2,Wild_pig,5.31213,6/28/2016,6,28,2016,8,
2,Wild_pig,0.31227,6/29/2015,6,29,2015,5,
2,Wild_pig,1.5044,6/29/2015,6,29,2015,3,
2,Wild_pig,4.75689,6/29/2015,6,29,2015,31,
2,Wild_pig,5.2021,6/29/2015,6,29,2015,14,
2,Wild_pig,5.9787,6/29/2015,6,29,2015,29,
2,Wild_pig,0.48847,6/29/2016,6,29,2016,6,
2,Wild_pig,1.17941,6/29/2016,6,29,2016,11,
2,Wild_pig,4.24624,6/29/2016,6,29,2016,30,
2,Wild_pig,5.31285,6/29/2016,6,29,2016,46,
2,Wild_pig,5.72119,6/29/2016,6,29,2016,39,
2,Wild_pig,0.37546,6/30/2015,6,30,2015,7,
2,Wild_pig,0.57407,6/30/2015,6,30,2015,11,
2,Wild_pig,0.64832,6/30/2015,6,30,2015,15,
2,Wild_pig,1.16784,6/30/2015,6,30,2015,3,
2,Wild_pig,1.22515,6/30/2015,6,30,2015,12,
2,Wild_pig,1.31634,6/30/2015,6,30,2015,8,
2,Wild_pig,5.14879,6/30/2015,6,30,2015,41,
2,Wild_pig,0.07839,6/30/2016,6,30,2016,22,
2,Wild_pig,5.58905,6/30/2016,6,30,2016,38,
2,Wild_pig,0.24326,7/1/2015,7,1,2015,32,
2,Wild_pig,0.29285,7/1/2015,7,1,2015,24,
2,Wild_pig,0.56272,7/1/2015,7,1,2015,30,
2,Wild_pig,2.81049,7/1/2015,7,1,2015,5,
2,Wild_pig,5.42819,7/1/2015,7,1,2015,41,
2,Wild_pig,5.6228,7/1/2015,7,1,2015,15,
2,Wild_pig,5.86583,7/1/2015,7,1,2015,6,
2,Wild_pig,5.89136,7/1/2015,7,1,2015,42,
2,Wild_pig,0.80932,7/1/2016,7,1,2016,46,
2,Wild_pig,1.12617,7/1/2016,7,1,2016,1,
2,Wild_pig,4.27417,7/1/2016,7,1,2016,30,
2,Wild_pig,1.11716,7/2/2015,7,2,2015,46,
2,Wild_pig,1.14988,7/2/2015,7,2,2015,42,
2,Wild_pig,1.1541,7/2/2015,7,2,2015,3,
2,Wild_pig,1.16479,7/2/2015,7,2,2015,47,
2,Wild_pig,1.60927,7/2/2015,7,2,2015,5,
2,Wild_pig,4.87325,7/2/2015,7,2,2015,32,
2,Wild_pig,5.40259,7/2/2015,7,2,2015,41,
2,Wild_pig,5.52898,7/2/2015,7,2,2015,18,
2,Wild_pig,5.98917,7/2/2015,7,2,2015,20,
2,Wild_pig,6.03629,7/2/2015,7,2,2015,30,
2,Wild_pig,4.89078,7/2/2016,7,2,2016,10,
2,Wild_pig,5.06902,7/2/2016,7,2,2016,6,
2,Wild_pig,5.3498,7/2/2016,7,2,2016,6,
2,Wild_pig,5.42739,7/2/2016,7,2,2016,41,
2,Wild_pig,5.50819,7/2/2016,7,2,2016,19,
2,Wild_pig,5.60003,7/2/2016,7,2,2016,41,
2,Wild_pig,5.72555,7/2/2016,7,2,2016,46,
2,Wild_pig,6.0304,7/2/2016,7,2,2016,3,
2,Wild_pig,0.37452,7/3/2015,7,3,2015,26,
2,Wild_pig,0.73762,7/3/2015,7,3,2015,15,
2,Wild_pig,1.17562,7/3/2015,7,3,2015,30,
2,Wild_pig,1.20253,7/3/2015,7,3,2015,43,
2,Wild_pig,1.37917,7/3/2015,7,3,2015,27,
2,Wild_pig,4.56767,7/3/2015,7,3,2015,44,
2,Wild_pig,6.00561,7/3/2015,7,3,2015,41,
2,Wild_pig,6.01797,7/3/2015,7,3,2015,42,
2,Wild_pig,6.23795,7/3/2015,7,3,2015,24,
2,Wild_pig,0.00807,7/3/2016,7,3,2016,11,
2,Wild_pig,0.13861,7/3/2016,7,3,2016,30,
2,Wild_pig,0.5076,7/3/2016,7,3,2016,38,
2,Wild_pig,0.82401,7/3/2016,7,3,2016,6,
2,Wild_pig,4.53327,7/3/2016,7,3,2016,30,
2,Wild_pig,5.05709,7/3/2016,7,3,2016,46,
2,Wild_pig,5.07425,7/3/2016,7,3,2016,38,
2,Wild_pig,6.08793,7/3/2016,7,3,2016,45,
2,Wild_pig,0.06123,7/4/2015,7,4,2015,31,
2,Wild_pig,0.0616,7/4/2015,7,4,2015,3,
2,Wild_pig,0.691,7/4/2015,7,4,2015,44,
2,Wild_pig,0.70984,7/4/2015,7,4,2015,36,
2,Wild_pig,0.83347,7/4/2015,7,4,2015,41,
2,Wild_pig,1.84503,7/4/2015,7,4,2015,35,
2,Wild_pig,5.04437,7/4/2015,7,4,2015,23,
2,Wild_pig,5.42172,7/4/2015,7,4,2015,21,
2,Wild_pig,0.01709,7/4/2016,7,4,2016,17,
2,Wild_pig,0.35517,7/4/2016,7,4,2016,38,
2,Wild_pig,1.85209,7/4/2016,7,4,2016,34,
2,Wild_pig,5.02066,7/4/2016,7,4,2016,34,
2,Wild_pig,5.20414,7/4/2016,7,4,2016,34,
2,Wild_pig,5.64629,7/4/2016,7,4,2016,3,
2,Wild_pig,0.15279,7/5/2015,7,5,2015,37,
2,Wild_pig,0.64294,7/5/2015,7,5,2015,41,
2,Wild_pig,5.22137,7/5/2015,7,5,2015,24,
2,Wild_pig,5.41328,7/5/2015,7,5,2015,41,
2,Wild_pig,5.72446,7/5/2015,7,5,2015,3,
2,Wild_pig,5.81115,7/5/2015,7,5,2015,42,
2,Wild_pig,0.18828,7/5/2016,7,5,2016,6,
2,Wild_pig,0.30718,7/5/2016,7,5,2016,2,
2,Wild_pig,0.72809,7/5/2016,7,5,2016,3,
2,Wild_pig,0.86328,7/5/2016,7,5,2016,3,
2,Wild_pig,0.97091,7/5/2016,7,5,2016,2,
2,Wild_pig,1.50476,7/5/2016,7,5,2016,11,
2,Wild_pig,5.3442,7/5/2016,7,5,2016,6,
2,Wild_pig,6.2381,7/5/2016,7,5,2016,2,
2,Wild_pig,0.54563,7/6/2015,7,6,2015,38,
2,Wild_pig,0.82845,7/6/2015,7,6,2015,6,
2,Wild_pig,1.37139,7/6/2015,7,6,2015,30,
2,Wild_pig,4.37743,7/6/2015,7,6,2015,33,
2,Wild_pig,5.44514,7/6/2015,7,6,2015,41,
2,Wild_pig,6.18217,7/6/2015,7,6,2015,24,
2,Wild_pig,6.2653,7/6/2015,7,6,2015,20,
2,Wild_pig,0.59959,7/6/2016,7,6,2016,3,
2,Wild_pig,5.23904,7/6/2016,7,6,2016,7,
2,Wild_pig,5.38849,7/6/2016,7,6,2016,16,
2,Wild_pig,5.69894,7/6/2016,7,6,2016,3,
2,Wild_pig,5.83573,7/6/2016,7,6,2016,33,
2,Wild_pig,6.01855,7/6/2016,7,6,2016,8,
2,Wild_pig,6.01928,7/6/2016,7,6,2016,46,
2,Wild_pig,6.02888,7/6/2016,7,6,2016,41,
2,Wild_pig,0.14232,7/7/2015,7,7,2015,22,
2,Wild_pig,1.72315,7/7/2015,7,7,2015,6,
2,Wild_pig,4.71632,7/7/2015,7,7,2015,23,
2,Wild_pig,4.99899,7/7/2015,7,7,2015,29,
2,Wild_pig,5.08313,7/7/2015,7,7,2015,30,
2,Wild_pig,5.91921,7/7/2015,7,7,2015,13,
2,Wild_pig,0.53683,7/7/2016,7,7,2016,30,
2,Wild_pig,0.77682,7/7/2016,7,7,2016,11,
2,Wild_pig,1.31191,7/7/2016,7,7,2016,33,
2,Wild_pig,1.36681,7/7/2016,7,7,2016,31,
2,Wild_pig,4.29351,7/7/2016,7,7,2016,30,
2,Wild_pig,5.15345,7/7/2016,7,7,2016,33,
2,Wild_pig,5.19155,7/7/2016,7,7,2016,34,
2,Wild_pig,5.46084,7/7/2016,7,7,2016,11,
2,Wild_pig,0.00175,7/8/2015,7,8,2015,42,
2,Wild_pig,0.2122,7/8/2015,7,8,2015,30,
2,Wild_pig,0.22762,7/8/2015,7,8,2015,29,
2,Wild_pig,0.37365,7/8/2015,7,8,2015,42,
2,Wild_pig,0.40441,7/8/2015,7,8,2015,41,
2,Wild_pig,0.87441,7/8/2015,7,8,2015,6,
2,Wild_pig,1.14006,7/8/2015,7,8,2015,6,
2,Wild_pig,5.14981,7/8/2015,7,8,2015,34,
2,Wild_pig,5.83282,7/8/2015,7,8,2015,36,
2,Wild_pig,6.18392,7/8/2015,7,8,2015,37,
2,Wild_pig,5.11941,7/8/2016,7,8,2016,11,
2,Wild_pig,5.26173,7/8/2016,7,8,2016,33,
2,Wild_pig,5.64127,7/8/2016,7,8,2016,41,
2,Wild_pig,5.96103,7/8/2016,7,8,2016,3,
2,Wild_pig,6.07302,7/8/2016,7,8,2016,2,
2,Wild_pig,0.17162,7/9/2015,7,9,2015,15,
2,Wild_pig,0.85783,7/9/2015,7,9,2015,41,
2,Wild_pig,0.91775,7/9/2015,7,9,2015,32,
2,Wild_pig,1.02604,7/9/2015,7,9,2015,12,
2,Wild_pig,1.27736,7/9/2015,7,9,2015,44,
2,Wild_pig,1.32296,7/9/2015,7,9,2015,30,
2,Wild_pig,4.84998,7/9/2015,7,9,2015,32,
2,Wild_pig,4.93499,7/9/2015,7,9,2015,45,
2,Wild_pig,4.9883,7/9/2015,7,9,2015,27,
2,Wild_pig,5.42507,7/9/2015,7,9,2015,3,
2,Wild_pig,5.71115,7/9/2015,7,9,2015,41,
2,Wild_pig,6.0216,7/9/2015,7,9,2015,42,
2,Wild_pig,6.25228,7/9/2015,7,9,2015,20,
2,Wild_pig,0.42484,7/9/2016,7,9,2016,41,
2,Wild_pig,0.83005,7/9/2016,7,9,2016,6,
2,Wild_pig,1.21009,7/9/2016,7,9,2016,16,
2,Wild_pig,5.19657,7/9/2016,7,9,2016,33,
2,Wild_pig,5.37089,7/9/2016,7,9,2016,34,
2,Wild_pig,5.43299,7/9/2016,7,9,2016,42,
2,Wild_pig,5.4407,7/9/2016,7,9,2016,10,
2,Wild_pig,5.55131,7/9/2016,7,9,2016,11,
2,Wild_pig,5.66141,7/9/2016,7,9,2016,20,
2,Wild_pig,6.21803,7/9/2016,7,9,2016,11,
2,Wild_pig,0.20769,7/10/2015,7,10,2015,42,
2,Wild_pig,1.01105,7/10/2015,7,10,2015,32,
2,Wild_pig,1.5196,7/10/2015,7,10,2015,33,
2,Wild_pig,2.12181,7/10/2015,7,10,2015,12,
2,Wild_pig,3.24631,7/10/2015,7,10,2015,20,
2,Wild_pig,5.92707,7/10/2015,7,10,2015,41,
2,Wild_pig,0.01491,7/10/2016,7,10,2016,33,
2,Wild_pig,0.16588,7/10/2016,7,10,2016,38,
2,Wild_pig,0.41481,7/10/2016,7,10,2016,20,
2,Wild_pig,0.47982,7/10/2016,7,10,2016,2,
2,Wild_pig,0.74656,7/10/2016,7,10,2016,21,
2,Wild_pig,0.81761,7/10/2016,7,10,2016,13,
2,Wild_pig,4.5212,7/10/2016,7,10,2016,6,
2,Wild_pig,5.41081,7/10/2016,7,10,2016,3,
2,Wild_pig,5.56876,7/10/2016,7,10,2016,8,
2,Wild_pig,5.56964,7/10/2016,7,10,2016,11,
2,Wild_pig,5.81646,7/10/2016,7,10,2016,11,
2,Wild_pig,5.83224,7/10/2016,7,10,2016,38,
2,Wild_pig,5.84838,7/10/2016,7,10,2016,37,
2,Wild_pig,6.01026,7/10/2016,7,10,2016,37,
2,Wild_pig,6.05637,7/10/2016,7,10,2016,11,
2,Wild_pig,6.07825,7/10/2016,7,10,2016,41,
2,Wild_pig,0.11286,7/11/2015,7,11,2015,41,
2,Wild_pig,0.29278,7/11/2015,7,11,2015,42,
2,Wild_pig,1.78802,7/11/2015,7,11,2015,13,
2,Wild_pig,2.48957,7/11/2015,7,11,2015,34,
2,Wild_pig,2.54709,7/11/2015,7,11,2015,32,
2,Wild_pig,3.24377,7/11/2015,7,11,2015,43,
2,Wild_pig,4.22261,7/11/2015,7,11,2015,12,
2,Wild_pig,4.47379,7/11/2015,7,11,2015,33,
2,Wild_pig,4.70301,7/11/2015,7,11,2015,43,
2,Wild_pig,4.77013,7/11/2015,7,11,2015,41,
2,Wild_pig,4.85296,7/11/2015,7,11,2015,30,
2,Wild_pig,5.46244,7/11/2015,7,11,2015,13,
2,Wild_pig,5.67283,7/11/2015,7,11,2015,41,
2,Wild_pig,0.1109,7/11/2016,7,11,2016,11,
2,Wild_pig,0.8555,7/11/2016,7,11,2016,10,
2,Wild_pig,5.07447,7/11/2016,7,11,2016,8,
2,Wild_pig,5.08982,7/11/2016,7,11,2016,11,
2,Wild_pig,5.53029,7/11/2016,7,11,2016,10,
2,Wild_pig,5.62491,7/11/2016,7,11,2016,3,
2,Wild_pig,5.63603,7/11/2016,7,11,2016,11,
2,Wild_pig,0.3159,7/12/2015,7,12,2015,20,
2,Wild_pig,0.60977,7/12/2015,7,12,2015,15,
2,Wild_pig,0.85048,7/12/2015,7,12,2015,32,
2,Wild_pig,0.85623,7/12/2015,7,12,2015,15,
2,Wild_pig,1.27569,7/12/2015,7,12,2015,32,
2,Wild_pig,1.91244,7/12/2015,7,12,2015,30,
2,Wild_pig,5.24101,7/12/2015,7,12,2015,14,
2,Wild_pig,5.32282,7/12/2015,7,12,2015,30,
2,Wild_pig,5.4351,7/12/2015,7,12,2015,3,
2,Wild_pig,5.45459,7/12/2015,7,12,2015,30,
2,Wild_pig,5.62411,7/12/2015,7,12,2015,13,
2,Wild_pig,5.62672,7/12/2015,7,12,2015,41,
2,Wild_pig,1.68846,7/12/2016,7,12,2016,33,
2,Wild_pig,4.1325,7/12/2016,7,12,2016,29,
2,Wild_pig,5.27868,7/12/2016,7,12,2016,3,
2,Wild_pig,5.79137,7/12/2016,7,12,2016,11,
2,Wild_pig,0.2042,7/13/2015,7,13,2015,32,
2,Wild_pig,0.22297,7/13/2015,7,13,2015,14,
2,Wild_pig,0.78242,7/13/2015,7,13,2015,41,
2,Wild_pig,1.64963,7/13/2015,7,13,2015,3,
2,Wild_pig,1.97193,7/13/2015,7,13,2015,44,
2,Wild_pig,2.27082,7/13/2015,7,13,2015,12,
2,Wild_pig,5.07636,7/13/2015,7,13,2015,31,
2,Wild_pig,5.45466,7/13/2015,7,13,2015,3,
2,Wild_pig,5.66054,7/13/2015,7,13,2015,6,
2,Wild_pig,5.86365,7/13/2015,7,13,2015,30,
2,Wild_pig,0.47502,7/13/2016,7,13,2016,41,
2,Wild_pig,0.68759,7/13/2016,7,13,2016,11,
2,Wild_pig,1.72024,7/13/2016,7,13,2016,34,
2,Wild_pig,1.9976,7/13/2016,7,13,2016,34,
2,Wild_pig,2.17126,7/13/2016,7,13,2016,36,
2,Wild_pig,5.22908,7/13/2016,7,13,2016,46,
2,Wild_pig,5.7894,7/13/2016,7,13,2016,8,
2,Wild_pig,5.8843,7/13/2016,7,13,2016,11,
2,Wild_pig,6.20632,7/13/2016,7,13,2016,11,
2,Wild_pig,0.269,7/14/2015,7,14,2015,42,
2,Wild_pig,0.76845,7/14/2015,7,14,2015,42,
2,Wild_pig,0.83129,7/14/2015,7,14,2015,3,
2,Wild_pig,0.91295,7/14/2015,7,14,2015,15,
2,Wild_pig,0.97142,7/14/2015,7,14,2015,41,
2,Wild_pig,1.32245,7/14/2015,7,14,2015,2,
2,Wild_pig,1.56432,7/14/2015,7,14,2015,3,
2,Wild_pig,2.02844,7/14/2015,7,14,2015,22,
2,Wild_pig,4.47866,7/14/2015,7,14,2015,2,
2,Wild_pig,5.29766,7/14/2015,7,14,2015,41,
2,Wild_pig,5.44368,7/14/2015,7,14,2015,41,
2,Wild_pig,6.10167,7/14/2015,7,14,2015,43,
2,Wild_pig,0.56592,7/14/2016,7,14,2016,3,
2,Wild_pig,0.90866,7/14/2016,7,14,2016,10,
2,Wild_pig,1.78664,7/14/2016,7,14,2016,34,
2,Wild_pig,4.40877,7/14/2016,7,14,2016,30,
2,Wild_pig,5.50091,7/14/2016,7,14,2016,34,
2,Wild_pig,5.69574,7/14/2016,7,14,2016,45,
2,Wild_pig,5.89201,7/14/2016,7,14,2016,3,
2,Wild_pig,6.18661,7/14/2016,7,14,2016,11,
2,Wild_pig,0.0893,7/15/2015,7,15,2015,41,
2,Wild_pig,0.62934,7/15/2015,7,15,2015,41,
2,Wild_pig,0.68264,7/15/2015,7,15,2015,42,
2,Wild_pig,0.77791,7/15/2015,7,15,2015,41,
2,Wild_pig,4.58578,7/15/2015,7,15,2015,30,
2,Wild_pig,4.74453,7/15/2015,7,15,2015,18,
2,Wild_pig,4.79907,7/15/2015,7,15,2015,30,
2,Wild_pig,4.99877,7/15/2015,7,15,2015,33,
2,Wild_pig,5.45066,7/15/2015,7,15,2015,41,
2,Wild_pig,5.56978,7/15/2015,7,15,2015,17,
2,Wild_pig,6.20159,7/15/2015,7,15,2015,14,
2,Wild_pig,0.94815,7/15/2016,7,15,2016,33,
2,Wild_pig,1.07381,7/15/2016,7,15,2016,13,
2,Wild_pig,5.41874,7/15/2016,7,15,2016,11,
2,Wild_pig,5.45314,7/15/2016,7,15,2016,45,
2,Wild_pig,5.82693,7/15/2016,7,15,2016,11,
2,Wild_pig,0.71558,7/16/2015,7,16,2015,31,
2,Wild_pig,0.91004,7/16/2015,7,16,2015,14,
2,Wild_pig,0.98553,7/16/2015,7,16,2015,7,
2,Wild_pig,1.17788,7/16/2015,7,16,2015,41,
2,Wild_pig,1.88692,7/16/2015,7,16,2015,3,
2,Wild_pig,2.34885,7/16/2015,7,16,2015,31,
2,Wild_pig,3.8779,7/16/2015,7,16,2015,18,
2,Wild_pig,4.89528,7/16/2015,7,16,2015,3,
2,Wild_pig,5.05135,7/16/2015,7,16,2015,32,
2,Wild_pig,0.03025,7/16/2016,7,16,2016,42,
2,Wild_pig,0.44411,7/16/2016,7,16,2016,3,
2,Wild_pig,1.68446,7/16/2016,7,16,2016,34,
2,Wild_pig,4.91179,7/16/2016,7,16,2016,18,
2,Wild_pig,5.07069,7/16/2016,7,16,2016,2,
2,Wild_pig,5.5119,7/16/2016,7,16,2016,3,
2,Wild_pig,5.74664,7/16/2016,7,16,2016,46,
2,Wild_pig,5.80664,7/16/2016,7,16,2016,11,
2,Wild_pig,5.89383,7/16/2016,7,16,2016,46,
2,Wild_pig,6.19236,7/16/2016,7,16,2016,16,
2,Wild_pig,0.76104,7/17/2015,7,17,2015,37,
2,Wild_pig,0.97411,7/17/2015,7,17,2015,41,
2,Wild_pig,1.02524,7/17/2015,7,17,2015,42,
2,Wild_pig,1.09614,7/17/2015,7,17,2015,10,
2,Wild_pig,1.25744,7/17/2015,7,17,2015,18,
2,Wild_pig,2.37947,7/17/2015,7,17,2015,3,
2,Wild_pig,5.10174,7/17/2015,7,17,2015,30,
2,Wild_pig,5.33773,7/17/2015,7,17,2015,41,
2,Wild_pig,0.51211,7/17/2016,7,17,2016,28,
2,Wild_pig,0.89914,7/17/2016,7,17,2016,2,
2,Wild_pig,1.10174,7/17/2016,7,17,2016,33,
2,Wild_pig,2.04894,7/17/2016,7,17,2016,34,
2,Wild_pig,4.18166,7/17/2016,7,17,2016,30,
2,Wild_pig,5.02233,7/17/2016,7,17,2016,32,
2,Wild_pig,5.15825,7/17/2016,7,17,2016,11,
2,Wild_pig,5.55226,7/17/2016,7,17,2016,19,
2,Wild_pig,5.57473,7/17/2016,7,17,2016,38,
2,Wild_pig,5.68003,7/17/2016,7,17,2016,46,
2,Wild_pig,5.70323,7/17/2016,7,17,2016,12,
2,Wild_pig,0.01716,7/18/2015,7,18,2015,32,
2,Wild_pig,0.20719,7/18/2015,7,18,2015,6,
2,Wild_pig,0.47175,7/18/2015,7,18,2015,20,
2,Wild_pig,0.4756,7/18/2015,7,18,2015,31,
2,Wild_pig,0.71122,7/18/2015,7,18,2015,41,
2,Wild_pig,0.83136,7/18/2015,7,18,2015,20,
2,Wild_pig,2.97455,7/18/2015,7,18,2015,30,
2,Wild_pig,3.30704,7/18/2015,7,18,2015,39,
2,Wild_pig,4.38798,7/18/2015,7,18,2015,12,
2,Wild_pig,4.39088,7/18/2015,7,18,2015,34,
2,Wild_pig,5.13519,7/18/2015,7,18,2015,6,
2,Wild_pig,0.03323,7/18/2016,7,18,2016,30,
2,Wild_pig,0.23526,7/18/2016,7,18,2016,6,
2,Wild_pig,0.93557,7/18/2016,7,18,2016,6,
2,Wild_pig,5.27184,7/18/2016,7,18,2016,11,
2,Wild_pig,5.41212,7/18/2016,7,18,2016,46,
2,Wild_pig,5.56956,7/18/2016,7,18,2016,38,
2,Wild_pig,5.60563,7/18/2016,7,18,2016,20,
2,Wild_pig,5.76999,7/18/2016,7,18,2016,11,
2,Wild_pig,6.20625,7/18/2016,7,18,2016,34,
2,Wild_pig,0.77376,7/19/2015,7,19,2015,20,
2,Wild_pig,1.21846,7/19/2015,7,19,2015,44,
2,Wild_pig,2.45502,7/19/2015,7,19,2015,39,
2,Wild_pig,4.59138,7/19/2015,7,19,2015,33,
2,Wild_pig,0.17591,7/19/2016,7,19,2016,20,
2,Wild_pig,0.56207,7/19/2016,7,19,2016,20,
2,Wild_pig,3.93077,7/19/2016,7,19,2016,30,
2,Wild_pig,4.21664,7/19/2016,7,19,2016,32,
2,Wild_pig,5.30849,7/19/2016,7,19,2016,11,
2,Wild_pig,5.46703,7/19/2016,7,19,2016,45,
2,Wild_pig,5.61029,7/19/2016,7,19,2016,3,
2,Wild_pig,6.14269,7/19/2016,7,19,2016,2,
2,Wild_pig,0.21795,7/20/2015,7,20,2015,41,
2,Wild_pig,0.44942,7/20/2015,7,20,2015,11,
2,Wild_pig,1.05949,7/20/2015,7,20,2015,46,
2,Wild_pig,1.30107,7/20/2015,7,20,2015,8,
2,Wild_pig,1.66235,7/20/2015,7,20,2015,44,
2,Wild_pig,1.79973,7/20/2015,7,20,2015,41,
2,Wild_pig,2.03934,7/20/2015,7,20,2015,6,
2,Wild_pig,4.28209,7/20/2015,7,20,2015,43,
2,Wild_pig,4.8038,7/20/2015,7,20,2015,32,
2,Wild_pig,5.06436,7/20/2015,7,20,2015,5,
2,Wild_pig,5.31002,7/20/2015,7,20,2015,46,
2,Wild_pig,5.72068,7/20/2015,7,20,2015,17,
2,Wild_pig,6.01404,7/20/2015,7,20,2015,12,
2,Wild_pig,0.1941,7/20/2016,7,20,2016,30,
2,Wild_pig,0.21613,7/20/2016,7,20,2016,41,
2,Wild_pig,0.23853,7/20/2016,7,20,2016,6,
2,Wild_pig,0.37306,7/20/2016,7,20,2016,20,
2,Wild_pig,0.43001,7/20/2016,7,20,2016,3,
2,Wild_pig,0.43844,7/20/2016,7,20,2016,33,
2,Wild_pig,1.59334,7/20/2016,7,20,2016,16,
2,Wild_pig,2.83114,7/20/2016,7,20,2016,20,
2,Wild_pig,4.82169,7/20/2016,7,20,2016,30,
2,Wild_pig,5.39947,7/20/2016,7,20,2016,34,
2,Wild_pig,6.16261,7/20/2016,7,20,2016,41,
2,Wild_pig,0.25824,7/21/2015,7,21,2015,7,
2,Wild_pig,0.38761,7/21/2015,7,21,2015,42,
2,Wild_pig,0.45524,7/21/2015,7,21,2015,6,
2,Wild_pig,0.79456,7/21/2015,7,21,2015,7,
2,Wild_pig,0.92539,7/21/2015,7,21,2015,6,
2,Wild_pig,1.09941,7/21/2015,7,21,2015,32,
2,Wild_pig,1.37532,7/21/2015,7,21,2015,43,
2,Wild_pig,2.88568,7/21/2015,7,21,2015,29,
2,Wild_pig,4.09592,7/21/2015,7,21,2015,5,
2,Wild_pig,4.57276,7/21/2015,7,21,2015,39,
2,Wild_pig,4.88699,7/21/2015,7,21,2015,23,
2,Wild_pig,5.03738,7/21/2015,7,21,2015,33,
2,Wild_pig,5.25897,7/21/2015,7,21,2015,21,
2,Wild_pig,5.3554,7/21/2015,7,21,2015,41,
2,Wild_pig,5.3714,7/21/2015,7,21,2015,42,
2,Wild_pig,5.67908,7/21/2015,7,21,2015,21,
2,Wild_pig,5.76555,7/21/2015,7,21,2015,42,
2,Wild_pig,0.27765,7/21/2016,7,21,2016,21,
2,Wild_pig,5.14945,7/21/2016,7,21,2016,32,
2,Wild_pig,5.32485,7/21/2016,7,21,2016,3,
2,Wild_pig,5.5772,7/21/2016,7,21,2016,11,
2,Wild_pig,5.89332,7/21/2016,7,21,2016,20,
2,Wild_pig,1.02494,7/22/2015,7,22,2015,32,
2,Wild_pig,1.245,7/22/2015,7,22,2015,41,
2,Wild_pig,2.5244,7/22/2015,7,22,2015,30,
2,Wild_pig,5.08094,7/22/2015,7,22,2015,28,
2,Wild_pig,6.05978,7/22/2015,7,22,2015,28,
2,Wild_pig,0.67479,7/22/2016,7,22,2016,41,
2,Wild_pig,1.36267,7/22/2016,7,22,2016,19,
2,Wild_pig,1.42244,7/22/2016,7,22,2016,13,
2,Wild_pig,1.59109,7/22/2016,7,22,2016,14,
2,Wild_pig,1.65159,7/22/2016,7,22,2016,33,
2,Wild_pig,2.14697,7/22/2016,7,22,2016,33,
2,Wild_pig,2.28682,7/22/2016,7,22,2016,33,
2,Wild_pig,5.28129,7/22/2016,7,22,2016,2,
2,Wild_pig,5.78948,7/22/2016,7,22,2016,27,
2,Wild_pig,5.79173,7/22/2016,7,22,2016,3,
2,Wild_pig,5.94954,7/22/2016,7,22,2016,41,
2,Wild_pig,6.07018,7/22/2016,7,22,2016,42,
2,Wild_pig,6.15963,7/22/2016,7,22,2016,33,
2,Wild_pig,0.19788,7/23/2015,7,23,2015,20,
2,Wild_pig,0.53887,7/23/2015,7,23,2015,20,
2,Wild_pig,0.81071,7/23/2015,7,23,2015,33,
2,Wild_pig,0.9584,7/23/2015,7,23,2015,2,
2,Wild_pig,3.77784,7/23/2015,7,23,2015,3,
2,Wild_pig,4.60585,7/23/2015,7,23,2015,41,
2,Wild_pig,4.75544,7/23/2015,7,23,2015,3,
2,Wild_pig,5.59022,7/23/2015,7,23,2015,34,
2,Wild_pig,5.98335,7/23/2015,7,23,2015,2,
2,Wild_pig,0.044,7/23/2016,7,23,2016,33,
2,Wild_pig,0.18348,7/23/2016,7,23,2016,33,
2,Wild_pig,0.37626,7/23/2016,7,23,2016,19,
2,Wild_pig,0.84976,7/23/2016,7,23,2016,16,
2,Wild_pig,1.66272,7/23/2016,7,23,2016,18,
2,Wild_pig,0.37219,7/24/2015,7,24,2015,32,
2,Wild_pig,0.68482,7/24/2015,7,24,2015,17,
2,Wild_pig,0.91586,7/24/2015,7,24,2015,6,
2,Wild_pig,0.95164,7/24/2015,7,24,2015,24,
2,Wild_pig,1.44361,7/24/2015,7,24,2015,3,
2,Wild_pig,1.63246,7/24/2015,7,24,2015,20,
2,Wild_pig,4.96612,7/24/2015,7,24,2015,30,
2,Wild_pig,5.29591,7/24/2015,7,24,2015,3,
2,Wild_pig,5.7161,7/24/2015,7,24,2015,13,
2,Wild_pig,6.048,7/24/2015,7,24,2015,37,
2,Wild_pig,0.04167,7/24/2016,7,24,2016,12,
2,Wild_pig,0.91564,7/24/2016,7,24,2016,3,
2,Wild_pig,1.58163,7/24/2016,7,24,2016,34,
2,Wild_pig,2.40186,7/24/2016,7,24,2016,31,
2,Wild_pig,5.2714,7/24/2016,7,24,2016,3,
2,Wild_pig,6.26021,7/24/2016,7,24,2016,33,
2,Wild_pig,0.01374,7/25/2015,7,25,2015,17,
2,Wild_pig,0.19097,7/25/2015,7,25,2015,42,
2,Wild_pig,0.39386,7/25/2015,7,25,2015,42,
2,Wild_pig,0.43582,7/25/2015,7,25,2015,38,
2,Wild_pig,0.46891,7/25/2015,7,25,2015,41,
2,Wild_pig,0.99949,7/25/2015,7,25,2015,7,
2,Wild_pig,1.37008,7/25/2015,7,25,2015,15,
2,Wild_pig,1.54353,7/25/2015,7,25,2015,20,
2,Wild_pig,2.89172,7/25/2015,7,25,2015,30,
2,Wild_pig,4.69021,7/25/2015,7,25,2015,7,
2,Wild_pig,5.10203,7/25/2015,7,25,2015,38,
2,Wild_pig,5.34042,7/25/2015,7,25,2015,7,
2,Wild_pig,0.05025,7/25/2016,7,25,2016,11,
2,Wild_pig,0.13715,7/25/2016,7,25,2016,20,
2,Wild_pig,0.25729,7/25/2016,7,25,2016,41,
2,Wild_pig,4.84525,7/25/2016,7,25,2016,29,
2,Wild_pig,4.95114,7/25/2016,7,25,2016,6,
2,Wild_pig,0.14246,7/26/2015,7,26,2015,41,
2,Wild_pig,0.52244,7/26/2015,7,26,2015,32,
2,Wild_pig,0.58032,7/26/2015,7,26,2015,38,
2,Wild_pig,3.23817,7/26/2015,7,26,2015,40,
2,Wild_pig,4.98641,7/26/2015,7,26,2015,38,
2,Wild_pig,5.04669,7/26/2015,7,26,2015,32,
2,Wild_pig,5.11127,7/26/2015,7,26,2015,30,
2,Wild_pig,5.20995,7/26/2015,7,26,2015,3,
2,Wild_pig,5.45837,7/26/2015,7,26,2015,31,
2,Wild_pig,5.50935,7/26/2015,7,26,2015,14,
2,Wild_pig,5.51771,7/26/2015,7,26,2015,41,
2,Wild_pig,5.61065,7/26/2015,7,26,2015,37,
2,Wild_pig,5.74228,7/26/2015,7,26,2015,6,
2,Wild_pig,5.81129,7/26/2015,7,26,2015,42,
2,Wild_pig,6.13498,7/26/2015,7,26,2015,13,
2,Wild_pig,6.1797,7/26/2015,7,26,2015,20,
2,Wild_pig,1.09039,7/26/2016,7,26,2016,9,
2,Wild_pig,0.12566,7/27/2015,7,27,2015,43,
2,Wild_pig,0.20449,7/27/2015,7,27,2015,42,
2,Wild_pig,0.28289,7/27/2015,7,27,2015,20,
2,Wild_pig,0.61756,7/27/2015,7,27,2015,42,
2,Wild_pig,1.03185,7/27/2015,7,27,2015,2,
2,Wild_pig,1.68912,7/27/2015,7,27,2015,38,
2,Wild_pig,5.33256,7/27/2015,7,27,2015,38,
2,Wild_pig,0.48898,7/27/2016,7,27,2016,11,
2,Wild_pig,0.99869,7/27/2016,7,27,2016,40,
2,Wild_pig,1.22318,7/27/2016,7,27,2016,34,
2,Wild_pig,0.14341,7/28/2015,7,28,2015,42,
2,Wild_pig,1.16253,7/28/2015,7,28,2015,15,
2,Wild_pig,2.38077,7/28/2015,7,28,2015,20,
2,Wild_pig,5.05971,7/28/2015,7,28,2015,7,
2,Wild_pig,5.30515,7/28/2015,7,28,2015,6,
2,Wild_pig,5.61022,7/28/2015,7,28,2015,6,
2,Wild_pig,5.74468,7/28/2015,7,28,2015,12,
2,Wild_pig,6.04917,7/28/2016,7,28,2016,29,
2,Wild_pig,6.24464,7/28/2016,7,28,2016,3,
2,Wild_pig,0.40892,7/29/2015,7,29,2015,42,
2,Wild_pig,0.41262,7/29/2015,7,29,2015,20,
2,Wild_pig,0.99556,7/29/2015,7,29,2015,41,
2,Wild_pig,1.07556,7/29/2015,7,29,2015,6,
2,Wild_pig,1.87136,7/29/2015,7,29,2015,32,
2,Wild_pig,4.39336,7/29/2015,7,29,2015,32,
2,Wild_pig,4.9323,7/29/2015,7,29,2015,38,
2,Wild_pig,5.17825,7/29/2015,7,29,2015,43,
2,Wild_pig,5.22799,7/29/2015,7,29,2015,12,
2,Wild_pig,5.55436,7/29/2015,7,29,2015,43,
2,Wild_pig,5.79777,7/29/2015,7,29,2015,15,
2,Wild_pig,6.08531,7/29/2015,7,29,2015,42,
2,Wild_pig,1.0512,7/29/2016,7,29,2016,27,
2,Wild_pig,5.55509,7/29/2016,7,29,2016,19,
2,Wild_pig,0.93237,7/30/2015,7,30,2015,15,
2,Wild_pig,4.89892,7/30/2015,7,30,2015,35,
2,Wild_pig,5.05396,7/30/2015,7,30,2015,8,
2,Wild_pig,5.23482,7/30/2015,7,30,2015,9,
2,Wild_pig,5.25308,7/30/2015,7,30,2015,42,
2,Wild_pig,5.38027,7/30/2015,7,30,2015,3,
2,Wild_pig,5.52186,7/30/2015,7,30,2015,42,
2,Wild_pig,6.02248,7/30/2015,7,30,2015,42,
2,Wild_pig,6.1733,7/30/2015,7,30,2015,28,
2,Wild_pig,0.00262,7/30/2016,7,30,2016,10,
2,Wild_pig,0.95986,7/30/2016,7,30,2016,45,
2,Wild_pig,4.82104,7/30/2016,7,30,2016,16,
2,Wild_pig,4.84794,7/30/2016,7,30,2016,6,
2,Wild_pig,5.00182,7/30/2016,7,30,2016,6,
2,Wild_pig,5.0432,7/30/2016,7,30,2016,7,
2,Wild_pig,5.41903,7/30/2016,7,30,2016,41,
2,Wild_pig,5.52484,7/30/2016,7,30,2016,17,
2,Wild_pig,5.61312,7/30/2016,7,30,2016,33,
2,Wild_pig,5.68374,7/30/2016,7,30,2016,31,
2,Wild_pig,5.78773,7/30/2016,7,30,2016,11,
2,Wild_pig,6.13098,7/30/2016,7,30,2016,2,
2,Wild_pig,0.26071,7/31/2015,7,31,2015,20,
2,Wild_pig,0.33096,7/31/2015,7,31,2015,32,
2,Wild_pig,0.42332,7/31/2015,7,31,2015,37,
2,Wild_pig,0.88641,7/31/2015,7,31,2015,45,
2,Wild_pig,1.1141,7/31/2015,7,31,2015,24,
2,Wild_pig,4.70417,7/31/2015,7,31,2015,8,
2,Wild_pig,5.28246,7/31/2015,7,31,2015,41,
2,Wild_pig,5.43576,7/31/2015,7,31,2015,24,
2,Wild_pig,5.43721,7/31/2015,7,31,2015,38,
2,Wild_pig,5.64709,7/31/2015,7,31,2015,37,
2,Wild_pig,6.08473,7/31/2015,7,31,2015,20,
2,Wild_pig,6.23628,7/31/2015,7,31,2015,23,
2,Wild_pig,0.06567,7/31/2016,7,31,2016,2,
2,Wild_pig,0.35416,7/31/2016,7,31,2016,19,
2,Wild_pig,1.64992,7/31/2016,7,31,2016,6,
2,Wild_pig,1.98211,7/31/2016,7,31,2016,7,
2,Wild_pig,5.1237,7/31/2016,7,31,2016,3,
2,Wild_pig,5.16043,7/31/2016,7,31,2016,43,
2,Wild_pig,5.17076,7/31/2016,7,31,2016,15,
2,Wild_pig,5.23911,7/31/2016,7,31,2016,20,
2,Wild_pig,5.29947,7/31/2016,7,31,2016,24,
2,Wild_pig,5.33911,7/31/2016,7,31,2016,3,
2,Wild_pig,5.60011,7/31/2016,7,31,2016,42,
2,Wild_pig,5.61756,7/31/2016,7,31,2016,11,
2,Wild_pig,5.82824,7/31/2016,7,31,2016,2,
2,Wild_pig,0.40426,8/1/2015,8,1,2015,6,
2,Wild_pig,0.58294,8/1/2015,8,1,2015,29,
2,Wild_pig,0.61697,8/1/2015,8,1,2015,20,
2,Wild_pig,0.66301,8/1/2015,8,1,2015,8,
2,Wild_pig,0.9472,8/1/2015,8,1,2015,41,
2,Wild_pig,0.97331,8/1/2015,8,1,2015,15,
2,Wild_pig,1.8435,8/1/2015,8,1,2015,35,
2,Wild_pig,5.28857,8/1/2015,8,1,2015,5,
2,Wild_pig,5.47837,8/1/2015,8,1,2015,41,
2,Wild_pig,5.63785,8/1/2015,8,1,2015,38,
2,Wild_pig,5.76279,8/1/2015,8,1,2015,45,
2,Wild_pig,6.12603,8/1/2015,8,1,2015,12,
2,Wild_pig,6.24093,8/1/2015,8,1,2015,13,
2,Wild_pig,0.38855,8/1/2016,8,1,2016,11,
2,Wild_pig,1.99229,8/1/2016,8,1,2016,6,
2,Wild_pig,4.69741,8/1/2016,8,1,2016,30,
2,Wild_pig,4.80853,8/1/2016,8,1,2016,34,
2,Wild_pig,5.01942,8/1/2016,8,1,2016,24,
2,Wild_pig,5.16428,8/1/2016,8,1,2016,15,
2,Wild_pig,5.22857,8/1/2016,8,1,2016,19,
2,Wild_pig,5.39569,8/1/2016,8,1,2016,11,
2,Wild_pig,5.43619,8/1/2016,8,1,2016,33,
2,Wild_pig,5.6593,8/1/2016,8,1,2016,10,
2,Wild_pig,5.67268,8/1/2016,8,1,2016,41,
2,Wild_pig,0.60992,8/2/2015,8,2,2015,41,
2,Wild_pig,1.15628,8/2/2015,8,2,2015,32,
2,Wild_pig,1.24398,8/2/2015,8,2,2015,13,
2,Wild_pig,1.30391,8/2/2015,8,2,2015,35,
2,Wild_pig,5.1336,8/2/2015,8,2,2015,42,
2,Wild_pig,5.21192,8/2/2015,8,2,2015,41,
2,Wild_pig,5.42179,8/2/2015,8,2,2015,41,
2,Wild_pig,5.78584,8/2/2015,8,2,2015,41,
2,Wild_pig,6.03877,8/2/2015,8,2,2015,5,
2,Wild_pig,6.25344,8/2/2015,8,2,2015,13,
2,Wild_pig,0.03869,8/2/2016,8,2,2016,41,
2,Wild_pig,0.04974,8/2/2016,8,2,2016,10,
2,Wild_pig,0.56978,8/2/2016,8,2,2016,12,
2,Wild_pig,0.93651,8/2/2016,8,2,2016,41,
2,Wild_pig,3.75355,8/2/2016,8,2,2016,16,
2,Wild_pig,4.90641,8/2/2016,8,2,2016,16,
2,Wild_pig,5.47015,8/2/2016,8,2,2016,30,
2,Wild_pig,5.7281,8/2/2016,8,2,2016,37,
2,Wild_pig,6.24297,8/2/2016,8,2,2016,22,
2,Wild_pig,0.51684,8/3/2015,8,3,2015,41,
2,Wild_pig,0.62875,8/3/2015,8,3,2015,42,
2,Wild_pig,1.31336,8/3/2015,8,3,2015,27,
2,Wild_pig,1.72199,8/3/2015,8,3,2015,42,
2,Wild_pig,4.93674,8/3/2015,8,3,2015,27,
2,Wild_pig,5.7041,8/3/2015,8,3,2015,38,
2,Wild_pig,6.05607,8/3/2015,8,3,2015,39,
2,Wild_pig,0.14763,8/3/2016,8,3,2016,21,
2,Wild_pig,0.48157,8/3/2016,8,3,2016,11,
2,Wild_pig,1.15148,8/3/2016,8,3,2016,44,
2,Wild_pig,1.45517,8/3/2016,8,3,2016,34,
2,Wild_pig,1.86408,8/3/2016,8,3,2016,34,
2,Wild_pig,5.75304,8/3/2016,8,3,2016,34,
2,Wild_pig,6.04807,8/3/2016,8,3,2016,20,
2,Wild_pig,0.22922,8/4/2015,8,4,2015,32,
2,Wild_pig,0.30689,8/4/2015,8,4,2015,8,
2,Wild_pig,0.59865,8/4/2015,8,4,2015,38,
2,Wild_pig,1.24442,8/4/2015,8,4,2015,2,
2,Wild_pig,1.24631,8/4/2015,8,4,2015,33,
2,Wild_pig,2.04938,8/4/2015,8,4,2015,42,
2,Wild_pig,2.62381,8/4/2015,8,4,2015,21,
2,Wild_pig,5.08945,8/4/2015,8,4,2015,38,
2,Wild_pig,5.75079,8/4/2015,8,4,2015,8,
2,Wild_pig,5.88729,8/4/2015,8,4,2015,3,
2,Wild_pig,0.40688,8/4/2016,8,4,2016,19,
2,Wild_pig,0.78605,8/4/2016,8,4,2016,35,
2,Wild_pig,0.98771,8/4/2016,8,4,2016,3,
2,Wild_pig,1.18028,8/4/2016,8,4,2016,34,
2,Wild_pig,1.58861,8/4/2016,8,4,2016,34,
2,Wild_pig,5.00299,8/4/2016,8,4,2016,2,
2,Wild_pig,5.0656,8/4/2016,8,4,2016,29,
2,Wild_pig,5.45001,8/4/2016,8,4,2016,33,
2,Wild_pig,5.76242,8/4/2016,8,4,2016,37,
2,Wild_pig,0.50185,8/5/2015,8,5,2015,13,
2,Wild_pig,0.92793,8/5/2015,8,5,2015,3,
2,Wild_pig,1.02698,8/5/2015,8,5,2015,27,
2,Wild_pig,5.09447,8/5/2015,8,5,2015,12,
2,Wild_pig,5.62316,8/5/2015,8,5,2015,38,
2,Wild_pig,0.22108,8/5/2016,8,5,2016,33,
2,Wild_pig,4.99026,8/5/2016,8,5,2016,34,
2,Wild_pig,5.03731,8/5/2016,8,5,2016,31,
2,Wild_pig,5.11192,8/5/2016,8,5,2016,29,
2,Wild_pig,5.32144,8/5/2016,8,5,2016,16,
2,Wild_pig,5.95732,8/5/2016,8,5,2016,38,
2,Wild_pig,6.21534,8/5/2016,8,5,2016,39,
2,Wild_pig,1.10363,8/6/2016,8,6,2016,10,
2,Wild_pig,2.04211,8/6/2016,8,6,2016,43,
2,Wild_pig,4.86903,8/6/2016,8,6,2016,20,
2,Wild_pig,5.62643,8/6/2016,8,6,2016,15,
2,Wild_pig,5.93172,8/6/2016,8,6,2016,13,
2,Wild_pig,6.19054,8/6/2016,8,6,2016,24,
2,Wild_pig,0.38594,8/7/2015,8,7,2015,27,
2,Wild_pig,0.73937,8/7/2015,8,7,2015,38,
2,Wild_pig,0.90481,8/7/2015,8,7,2015,3,
2,Wild_pig,0.93033,8/7/2015,8,7,2015,44,
2,Wild_pig,5.05266,8/7/2015,8,7,2015,8,
2,Wild_pig,5.25497,8/7/2015,8,7,2015,15,
2,Wild_pig,5.36529,8/7/2015,8,7,2015,3,
2,Wild_pig,5.45219,8/7/2015,8,7,2015,24,
2,Wild_pig,5.58731,8/7/2015,8,7,2015,13,
2,Wild_pig,0.31707,8/7/2016,8,7,2016,22,
2,Wild_pig,0.34048,8/7/2016,8,7,2016,11,
2,Wild_pig,0.99251,8/7/2016,8,7,2016,45,
2,Wild_pig,1.09963,8/7/2016,8,7,2016,42,
2,Wild_pig,4.73159,8/7/2016,8,7,2016,16,
2,Wild_pig,5.44223,8/7/2016,8,7,2016,29,
2,Wild_pig,5.5276,8/7/2016,8,7,2016,42,
2,Wild_pig,5.67057,8/7/2016,8,7,2016,30,
2,Wild_pig,1.63959,8/8/2015,8,8,2015,2,
2,Wild_pig,6.01535,8/8/2015,8,8,2015,2,
2,Wild_pig,0.23547,8/8/2016,8,8,2016,41,
2,Wild_pig,0.44077,8/8/2016,8,8,2016,27,
2,Wild_pig,0.97957,8/8/2016,8,8,2016,42,
2,Wild_pig,4.83747,8/8/2016,8,8,2016,30,
2,Wild_pig,4.85805,8/8/2016,8,8,2016,7,
2,Wild_pig,5.02255,8/8/2016,8,8,2016,7,
2,Wild_pig,5.1389,8/8/2016,8,8,2016,6,
2,Wild_pig,5.14807,8/8/2016,8,8,2016,34,
2,Wild_pig,5.3674,8/8/2016,8,8,2016,22,
2,Wild_pig,5.4975,8/8/2016,8,8,2016,35,
2,Wild_pig,5.79544,8/8/2016,8,8,2016,41,
2,Wild_pig,5.82715,8/8/2016,8,8,2016,34,
2,Wild_pig,5.92648,8/8/2016,8,8,2016,14,
2,Wild_pig,6.06756,8/8/2016,8,8,2016,10,
2,Wild_pig,0.60592,8/9/2015,8,9,2015,14,
2,Wild_pig,0.97768,8/9/2015,8,9,2015,6,
2,Wild_pig,1.11774,8/9/2015,8,9,2015,6,
2,Wild_pig,2.32354,8/9/2015,8,9,2015,7,
2,Wild_pig,5.08931,8/9/2015,8,9,2015,14,
2,Wild_pig,5.12632,8/9/2015,8,9,2015,6,
2,Wild_pig,5.34813,8/9/2015,8,9,2015,8,
2,Wild_pig,4.8294,8/9/2016,8,9,2016,11,
2,Wild_pig,4.95201,8/9/2016,8,9,2016,32,
2,Wild_pig,4.95863,8/9/2016,8,9,2016,16,
2,Wild_pig,5.07564,8/9/2016,8,9,2016,31,
2,Wild_pig,5.62781,8/9/2016,8,9,2016,31,
2,Wild_pig,6.02808,8/9/2016,8,9,2016,26,
2,Wild_pig,6.06647,8/9/2016,8,9,2016,41,
2,Wild_pig,0.056,8/10/2015,8,10,2015,38,
2,Wild_pig,0.1773,8/10/2015,8,10,2015,8,
2,Wild_pig,0.6161,8/10/2015,8,10,2015,32,
2,Wild_pig,4.99557,8/10/2015,8,10,2015,38,
2,Wild_pig,0.31081,8/10/2016,8,10,2016,22,
2,Wild_pig,1.16988,8/10/2016,8,10,2016,12,
2,Wild_pig,1.45546,8/10/2016,8,10,2016,32,
2,Wild_pig,1.55087,8/10/2016,8,10,2016,34,
2,Wild_pig,1.61508,8/10/2016,8,10,2016,6,
2,Wild_pig,4.41772,8/10/2016,8,10,2016,8,
2,Wild_pig,5.16537,8/10/2016,8,10,2016,14,
2,Wild_pig,5.41278,8/10/2016,8,10,2016,41,
2,Wild_pig,5.92183,8/10/2016,8,10,2016,27,
2,Wild_pig,6.09811,8/10/2016,8,10,2016,11,
2,Wild_pig,6.18203,8/10/2016,8,10,2016,22,
2,Wild_pig,6.21643,8/10/2016,8,10,2016,44,
2,Wild_pig,0.27431,8/11/2015,8,11,2015,6,
2,Wild_pig,0.37888,8/11/2015,8,11,2015,21,
2,Wild_pig,0.91899,8/11/2015,8,11,2015,8,
2,Wild_pig,1.17853,8/11/2015,8,11,2015,13,
2,Wild_pig,1.54207,8/11/2015,8,11,2015,27,
2,Wild_pig,4.85674,8/11/2015,8,11,2015,12,
2,Wild_pig,0.00487,8/11/2016,8,11,2016,27,
2,Wild_pig,0.84918,8/11/2016,8,11,2016,42,
2,Wild_pig,1.82576,8/11/2016,8,11,2016,8,
2,Wild_pig,4.97099,8/11/2016,8,11,2016,7,
2,Wild_pig,5.10327,8/11/2016,8,11,2016,16,
2,Wild_pig,0.61312,8/12/2015,8,12,2015,39,
2,Wild_pig,1.22617,8/12/2015,8,12,2015,2,
2,Wild_pig,6.09629,8/12/2015,8,12,2015,7,
2,Wild_pig,0.1133,8/12/2016,8,12,2016,28,
2,Wild_pig,0.31227,8/12/2016,8,12,2016,42,
2,Wild_pig,1.39132,8/12/2016,8,12,2016,13,
2,Wild_pig,1.51691,8/12/2016,8,12,2016,2,
2,Wild_pig,4.86256,8/12/2016,8,12,2016,16,
2,Wild_pig,5.10647,8/12/2016,8,12,2016,34,
2,Wild_pig,5.1637,8/12/2016,8,12,2016,41,
2,Wild_pig,5.23039,8/12/2016,8,12,2016,31,
2,Wild_pig,5.28922,8/12/2016,8,12,2016,1,
2,Wild_pig,5.35889,8/12/2016,8,12,2016,21,
2,Wild_pig,5.41859,8/12/2016,8,12,2016,22,
2,Wild_pig,6.06953,8/12/2016,8,12,2016,21,
2,Wild_pig,0.35452,8/13/2015,8,13,2015,31,
2,Wild_pig,0.78583,8/13/2015,8,13,2015,2,
2,Wild_pig,0.87608,8/13/2015,8,13,2015,6,
2,Wild_pig,1.38855,8/13/2015,8,13,2015,20,
2,Wild_pig,5.36398,8/13/2015,8,13,2015,31,
2,Wild_pig,0.50236,8/13/2016,8,13,2016,41,
2,Wild_pig,0.6689,8/13/2016,8,13,2016,33,
2,Wild_pig,1.03869,8/13/2016,8,13,2016,17,
2,Wild_pig,1.3647,8/13/2016,8,13,2016,4,
2,Wild_pig,1.65268,8/13/2016,8,13,2016,46,
2,Wild_pig,1.89965,8/13/2016,8,13,2016,17,
2,Wild_pig,2.02764,8/13/2016,8,13,2016,18,
2,Wild_pig,4.58803,8/13/2016,8,13,2016,18,
2,Wild_pig,4.81202,8/13/2016,8,13,2016,17,
2,Wild_pig,4.97681,8/13/2016,8,13,2016,32,
2,Wild_pig,5.25802,8/13/2016,8,13,2016,6,
2,Wild_pig,5.59945,8/13/2016,8,13,2016,42,
2,Wild_pig,5.60592,8/13/2016,8,13,2016,13,
2,Wild_pig,5.7886,8/13/2016,8,13,2016,41,
2,Wild_pig,4.8326,8/14/2015,8,14,2015,38,
2,Wild_pig,5.36507,8/14/2015,8,14,2015,7,
2,Wild_pig,0.54091,8/14/2016,8,14,2016,18,
2,Wild_pig,1.43917,8/14/2016,8,14,2016,15,
2,Wild_pig,4.54782,8/14/2016,8,14,2016,16,
2,Wild_pig,4.73799,8/14/2016,8,14,2016,7,
2,Wild_pig,5.85493,8/14/2016,8,14,2016,29,
2,Wild_pig,6.08255,8/14/2016,8,14,2016,33,
2,Wild_pig,6.1224,8/14/2016,8,14,2016,22,
2,Wild_pig,6.23737,8/14/2016,8,14,2016,6,
2,Wild_pig,0.55116,8/15/2015,8,15,2015,31,
2,Wild_pig,0.65544,8/15/2015,8,15,2015,6,
2,Wild_pig,1.23002,8/15/2015,8,15,2015,3,
2,Wild_pig,1.37263,8/15/2015,8,15,2015,7,
2,Wild_pig,5.24791,8/15/2015,8,15,2015,8,
2,Wild_pig,5.49037,8/15/2015,8,15,2015,31,
2,Wild_pig,0.45415,8/15/2016,8,15,2016,27,
2,Wild_pig,1.3367,8/15/2016,8,15,2016,6,
2,Wild_pig,5.0912,8/15/2016,8,15,2016,22,
2,Wild_pig,5.12938,8/15/2016,8,15,2016,8,
2,Wild_pig,5.25584,8/15/2016,8,15,2016,45,
2,Wild_pig,5.38187,8/15/2016,8,15,2016,12,
2,Wild_pig,5.91812,8/15/2016,8,15,2016,31,
2,Wild_pig,0.42099,8/16/2015,8,16,2015,39,
2,Wild_pig,0.95237,8/16/2015,8,16,2015,31,
2,Wild_pig,5.40659,8/16/2015,8,16,2015,31,
2,Wild_pig,1.02364,8/16/2016,8,16,2016,8,
2,Wild_pig,1.19293,8/16/2016,8,16,2016,45,
2,Wild_pig,1.29576,8/16/2016,8,16,2016,34,
2,Wild_pig,1.36841,8/16/2016,8,16,2016,22,
2,Wild_pig,1.93142,8/16/2016,8,16,2016,26,
2,Wild_pig,4.76009,8/16/2016,8,16,2016,5,
2,Wild_pig,4.77064,8/16/2016,8,16,2016,11,
2,Wild_pig,4.96379,8/16/2016,8,16,2016,11,
2,Wild_pig,5.00248,8/16/2016,8,16,2016,3,
2,Wild_pig,5.02269,8/16/2016,8,16,2016,18,
2,Wild_pig,5.25148,8/16/2016,8,16,2016,42,
2,Wild_pig,6.05767,8/16/2016,8,16,2016,22,
2,Wild_pig,0.16188,8/17/2015,8,17,2015,31,
2,Wild_pig,0.35823,8/17/2015,8,17,2015,38,
2,Wild_pig,0.92037,8/17/2015,8,17,2015,3,
2,Wild_pig,0.4455,8/17/2016,8,17,2016,42,
2,Wild_pig,1.18428,8/17/2016,8,17,2016,45,
2,Wild_pig,1.19315,8/17/2016,8,17,2016,33,
2,Wild_pig,1.96473,8/17/2016,8,17,2016,18,
2,Wild_pig,3.10029,8/17/2016,8,17,2016,18,
2,Wild_pig,4.04175,8/17/2016,8,17,2016,18,
2,Wild_pig,4.16937,8/17/2016,8,17,2016,6,
2,Wild_pig,4.47851,8/17/2016,8,17,2016,30,
2,Wild_pig,5.03527,8/17/2016,8,17,2016,18,
2,Wild_pig,5.13629,8/17/2016,8,17,2016,34,
2,Wild_pig,5.23991,8/17/2016,8,17,2016,13,
2,Wild_pig,5.32987,8/17/2016,8,17,2016,45,
2,Wild_pig,5.41968,8/17/2016,8,17,2016,29,
2,Wild_pig,5.69654,8/17/2016,8,17,2016,41,
2,Wild_pig,6.14065,8/17/2016,8,17,2016,42,
2,Wild_pig,3.95521,8/18/2015,8,18,2015,4,
2,Wild_pig,6.2682,8/18/2015,8,18,2015,7,
2,Wild_pig,0.23969,8/18/2016,8,18,2016,22,
2,Wild_pig,0.94546,8/18/2016,8,18,2016,12,
2,Wild_pig,3.42943,8/18/2016,8,18,2016,9,
2,Wild_pig,4.7606,8/18/2016,8,18,2016,34,
2,Wild_pig,4.93121,8/18/2016,8,18,2016,30,
2,Wild_pig,5.12785,8/18/2016,8,18,2016,6,
2,Wild_pig,5.1773,8/18/2016,8,18,2016,30,
2,Wild_pig,5.22181,8/18/2016,8,18,2016,41,
2,Wild_pig,5.52833,8/18/2016,8,18,2016,6,
2,Wild_pig,5.62723,8/18/2016,8,18,2016,21,
2,Wild_pig,5.79129,8/18/2016,8,18,2016,15,
2,Wild_pig,6.25039,8/18/2016,8,18,2016,24,
2,Wild_pig,5.048,8/19/2015,8,19,2015,3,
2,Wild_pig,0.99222,8/19/2016,8,19,2016,32,
2,Wild_pig,1.24304,8/19/2016,8,19,2016,12,
2,Wild_pig,1.61261,8/19/2016,8,19,2016,7,
2,Wild_pig,2.76809,8/19/2016,8,19,2016,18,
2,Wild_pig,3.38354,8/19/2016,8,19,2016,18,
2,Wild_pig,4.53255,8/19/2016,8,19,2016,6,
2,Wild_pig,4.81587,8/19/2016,8,19,2016,16,
2,Wild_pig,5.10211,8/19/2016,8,19,2016,41,
2,Wild_pig,5.25068,8/19/2016,8,19,2016,7,
2,Wild_pig,1.12123,8/20/2015,8,20,2015,3,
2,Wild_pig,5.53306,8/20/2015,8,20,2015,4,
2,Wild_pig,0.05396,8/20/2016,8,20,2016,40,
2,Wild_pig,0.55123,8/20/2016,8,20,2016,6,
2,Wild_pig,0.87019,8/20/2016,8,20,2016,7,
2,Wild_pig,1.12988,8/20/2016,8,20,2016,38,
2,Wild_pig,1.26231,8/20/2016,8,20,2016,29,
2,Wild_pig,1.26682,8/20/2016,8,20,2016,10,
2,Wild_pig,1.34289,8/20/2016,8,20,2016,6,
2,Wild_pig,1.3471,8/20/2016,8,20,2016,22,
2,Wild_pig,1.65697,8/20/2016,8,20,2016,6,
2,Wild_pig,1.86183,8/20/2016,8,20,2016,7,
2,Wild_pig,1.8995,8/20/2016,8,20,2016,10,
2,Wild_pig,1.95797,8/20/2016,8,20,2016,16,
2,Wild_pig,4.99884,8/20/2016,8,20,2016,9,
2,Wild_pig,5.00204,8/20/2016,8,20,2016,5,
2,Wild_pig,5.05091,8/20/2016,8,20,2016,33,
2,Wild_pig,5.07178,8/20/2016,8,20,2016,40,
2,Wild_pig,5.16043,8/20/2016,8,20,2016,30,
2,Wild_pig,5.783,8/20/2016,8,20,2016,6,
2,Wild_pig,6.21446,8/20/2016,8,20,2016,20,
2,Wild_pig,6.27875,8/20/2016,8,20,2016,18,
2,Wild_pig,0.30332,8/21/2015,8,21,2015,6,
2,Wild_pig,5.43757,8/21/2015,8,21,2015,8,
2,Wild_pig,0.33678,8/21/2016,8,21,2016,40,
2,Wild_pig,0.55516,8/21/2016,8,21,2016,33,
2,Wild_pig,0.87761,8/21/2016,8,21,2016,13,
2,Wild_pig,1.26449,8/21/2016,8,21,2016,43,
2,Wild_pig,4.92474,8/21/2016,8,21,2016,6,
2,Wild_pig,5.11018,8/21/2016,8,21,2016,9,
2,Wild_pig,5.72264,8/21/2016,8,21,2016,6,
2,Wild_pig,6.2421,8/21/2016,8,21,2016,22,
2,Wild_pig,0.2762,8/22/2016,8,22,2016,31,
2,Wild_pig,1.06531,8/22/2016,8,22,2016,13,
2,Wild_pig,1.12319,8/22/2016,8,22,2016,29,
2,Wild_pig,1.28187,8/22/2016,8,22,2016,37,
2,Wild_pig,1.97375,8/22/2016,8,22,2016,13,
2,Wild_pig,4.13854,8/22/2016,8,22,2016,7,
2,Wild_pig,4.93535,8/22/2016,8,22,2016,33,
2,Wild_pig,5.13243,8/22/2016,8,22,2016,24,
2,Wild_pig,5.42034,8/22/2016,8,22,2016,6,
2,Wild_pig,5.50201,8/22/2016,8,22,2016,18,
2,Wild_pig,5.70875,8/22/2016,8,22,2016,46,
2,Wild_pig,1.221,8/23/2015,8,23,2015,6,
2,Wild_pig,0.58003,8/23/2016,8,23,2016,44,
2,Wild_pig,0.68926,8/23/2016,8,23,2016,6,
2,Wild_pig,0.78242,8/23/2016,8,23,2016,29,
2,Wild_pig,1.38855,8/23/2016,8,23,2016,22,
2,Wild_pig,4.88656,8/23/2016,8,23,2016,11,
2,Wild_pig,5.12974,8/23/2016,8,23,2016,12,
2,Wild_pig,5.56578,8/23/2016,8,23,2016,31,
2,Wild_pig,5.92045,8/23/2016,8,23,2016,31,
2,Wild_pig,0.33183,8/24/2015,8,24,2015,6,
2,Wild_pig,0.62526,8/24/2015,8,24,2015,3,
2,Wild_pig,4.89994,8/24/2015,8,24,2015,8,
2,Wild_pig,5.69959,8/24/2015,8,24,2015,8,
2,Wild_pig,6.11752,8/24/2015,8,24,2015,6,
2,Wild_pig,0.27213,8/24/2016,8,24,2016,29,
2,Wild_pig,0.60388,8/24/2016,8,24,2016,41,
2,Wild_pig,0.63835,8/24/2016,8,24,2016,44,
2,Wild_pig,0.83129,8/24/2016,8,24,2016,12,
2,Wild_pig,1.34056,8/24/2016,8,24,2016,34,
2,Wild_pig,4.51735,8/24/2016,8,24,2016,3,
2,Wild_pig,5.02386,8/24/2016,8,24,2016,6,
2,Wild_pig,0.14464,8/25/2015,8,25,2015,6,
2,Wild_pig,1.38499,8/25/2015,8,25,2015,6,
2,Wild_pig,5.46732,8/25/2015,8,25,2015,6,
2,Wild_pig,0.20057,8/25/2016,8,25,2016,4,
2,Wild_pig,0.22617,8/25/2016,8,25,2016,41,
2,Wild_pig,0.53814,8/25/2016,8,25,2016,4,
2,Wild_pig,0.87019,8/25/2016,8,25,2016,27,
2,Wild_pig,1.54433,8/25/2016,8,25,2016,6,
2,Wild_pig,2.31496,8/25/2016,8,25,2016,18,
2,Wild_pig,4.73035,8/25/2016,8,25,2016,18,
2,Wild_pig,5.02749,8/25/2016,8,25,2016,41,
2,Wild_pig,5.10392,8/25/2016,8,25,2016,6,
2,Wild_pig,5.18465,8/25/2016,8,25,2016,34,
2,Wild_pig,5.20268,8/25/2016,8,25,2016,18,
2,Wild_pig,1.16246,8/26/2015,8,26,2015,3,
2,Wild_pig,0.4463,8/26/2016,8,26,2016,6,
2,Wild_pig,0.5857,8/26/2016,8,26,2016,7,
2,Wild_pig,0.62381,8/26/2016,8,26,2016,34,
2,Wild_pig,0.82721,8/26/2016,8,26,2016,38,
2,Wild_pig,0.88575,8/26/2016,8,26,2016,16,
2,Wild_pig,1.10625,8/26/2016,8,26,2016,6,
2,Wild_pig,1.54243,8/26/2016,8,26,2016,12,
2,Wild_pig,5.17526,8/26/2016,8,26,2016,26,
2,Wild_pig,0.48804,8/27/2015,8,27,2015,6,
2,Wild_pig,1.51051,8/27/2015,8,27,2015,6,
2,Wild_pig,1.54425,8/27/2015,8,27,2015,8,
2,Wild_pig,4.9547,8/27/2016,8,27,2016,31,
2,Wild_pig,5.61152,8/27/2016,8,27,2016,18,
2,Wild_pig,0.22035,8/28/2015,8,28,2015,6,
2,Wild_pig,0.58221,8/28/2015,8,28,2015,7,
2,Wild_pig,0.74533,8/28/2015,8,28,2015,8,
2,Wild_pig,0.77544,8/28/2015,8,28,2015,6,
2,Wild_pig,1.32041,8/28/2015,8,28,2015,23,
2,Wild_pig,5.75879,8/28/2015,8,28,2015,6,
2,Wild_pig,0.57763,8/28/2016,8,28,2016,22,
2,Wild_pig,0.81274,8/28/2016,8,28,2016,12,
2,Wild_pig,1.17759,8/28/2016,8,28,2016,31,
2,Wild_pig,1.73282,8/28/2016,8,28,2016,5,
2,Wild_pig,4.14501,8/28/2016,8,28,2016,7,
2,Wild_pig,5.07135,8/28/2016,8,28,2016,41,
2,Wild_pig,5.53546,8/28/2016,8,28,2016,41,
2,Wild_pig,5.55022,8/28/2016,8,28,2016,42,
2,Wild_pig,5.85594,8/28/2016,8,28,2016,30,
2,Wild_pig,0.27896,8/29/2015,8,29,2015,8,
2,Wild_pig,6.14101,8/29/2015,8,29,2015,7,
2,Wild_pig,0.11585,8/29/2016,8,29,2016,41,
2,Wild_pig,0.31016,8/29/2016,8,29,2016,41,
2,Wild_pig,0.58039,8/29/2016,8,29,2016,41,
2,Wild_pig,0.96582,8/29/2016,8,29,2016,7,
2,Wild_pig,1.3391,8/29/2016,8,29,2016,6,
2,Wild_pig,1.49909,8/29/2016,8,29,2016,12,
2,Wild_pig,1.51058,8/29/2016,8,29,2016,6,
2,Wild_pig,1.69457,8/29/2016,8,29,2016,44,
2,Wild_pig,4.94546,8/29/2016,8,29,2016,13,
2,Wild_pig,5.12661,8/29/2016,8,29,2016,30,
2,Wild_pig,5.24581,8/29/2016,8,29,2016,41,
2,Wild_pig,6.13418,8/29/2016,8,29,2016,38,
2,Wild_pig,6.1677,8/29/2016,8,29,2016,22,
2,Wild_pig,0.70206,8/30/2015,8,30,2015,3,
2,Wild_pig,0.73747,8/30/2015,8,30,2015,2,
2,Wild_pig,0.95237,8/30/2015,8,30,2015,7,
2,Wild_pig,1.10218,8/30/2015,8,30,2015,6,
2,Wild_pig,1.43822,8/30/2015,8,30,2015,7,
2,Wild_pig,1.74984,8/30/2015,8,30,2015,6,
2,Wild_pig,4.75486,8/30/2015,8,30,2015,6,
2,Wild_pig,5.02124,8/30/2015,8,30,2015,4,
2,Wild_pig,5.40667,8/30/2015,8,30,2015,2,
2,Wild_pig,5.77929,8/30/2015,8,30,2015,8,
2,Wild_pig,0.17853,8/30/2016,8,30,2016,42,
2,Wild_pig,1.50367,8/30/2016,8,30,2016,12,
2,Wild_pig,1.66599,8/30/2016,8,30,2016,25,
2,Wild_pig,4.74075,8/30/2016,8,30,2016,11,
2,Wild_pig,4.76497,8/30/2016,8,30,2016,26,
2,Wild_pig,5.07404,8/30/2016,8,30,2016,41,
2,Wild_pig,5.11105,8/30/2016,8,30,2016,8,
2,Wild_pig,5.28268,8/30/2016,8,30,2016,13,
2,Wild_pig,5.82162,8/30/2016,8,30,2016,6,
2,Wild_pig,6.25417,8/30/2016,8,30,2016,6,
2,Wild_pig,3.46826,8/31/2015,8,31,2015,6,
2,Wild_pig,4.70039,8/31/2015,8,31,2015,6,
2,Wild_pig,4.86089,8/31/2015,8,31,2015,6,
2,Wild_pig,4.98451,8/31/2015,8,31,2015,17,
2,Wild_pig,5.63887,8/31/2015,8,31,2015,6,
2,Wild_pig,0.57705,8/31/2016,8,31,2016,13,
2,Wild_pig,1.04763,8/31/2016,8,31,2016,11,
2,Wild_pig,1.36812,8/31/2016,8,31,2016,41,
2,Wild_pig,1.81209,8/31/2016,8,31,2016,30,
2,Wild_pig,2.78031,8/31/2016,8,31,2016,7,
2,Wild_pig,0.07679,9/1/2015,9,1,2015,0:17,6
2,Wild_pig,1.34798,9/1/2015,9,1,2015,5:08,6
2,Wild_pig,1.65217,9/1/2015,9,1,2015,6:18,7
2,Wild_pig,4.96888,9/1/2015,9,1,2015,18:58,6
2,Wild_pig,0.20297,9/1/2016,9,1,2016,12:46:31,10
2,Wild_pig,0.74795,9/1/2016,9,1,2016,2:51:25,41
2,Wild_pig,0.99171,9/1/2016,9,1,2016,3:47:17,11
2,Wild_pig,1.48833,9/1/2016,9,1,2016,5:41:06,34
2,Wild_pig,1.71959,9/1/2016,9,1,2016,6:34:06,16
2,Wild_pig,2.83405,9/1/2016,9,1,2016,10:49:31,7
2,Wild_pig,5.03469,9/1/2016,9,1,2016,7:13:52,6
2,Wild_pig,5.28755,9/1/2016,9,1,2016,8:11:49,27
2,Wild_pig,4.56854,9/2/2015,9,2,2015,17:27,4
2,Wild_pig,5.75573,9/2/2015,9,2,2015,21:59,8
2,Wild_pig,6.21715,9/2/2015,9,2,2015,23:44,8
2,Wild_pig,0.10312,9/2/2016,9,2,2016,12:23:38,46
2,Wild_pig,0.84365,9/2/2016,9,2,2016,3:13:21,39
2,Wild_pig,1.12159,9/2/2016,9,2,2016,4:17:03,7
2,Wild_pig,2.19468,9/2/2016,9,2,2016,8:22:59,6
2,Wild_pig,4.57829,9/2/2016,9,2,2016,5:29:16,7
2,Wild_pig,5.1301,9/2/2016,9,2,2016,7:35:44,41
2,Wild_pig,5.16407,9/2/2016,9,2,2016,7:43:31,25
2,Wild_pig,5.31591,9/2/2016,9,2,2016,8:18:19,11
2,Wild_pig,5.6284,9/2/2016,9,2,2016,9:29:56,33
2,Wild_pig,5.83689,9/2/2016,9,2,2016,10:17:43,29
2,Wild_pig,6.18959,9/2/2016,9,2,2016,11:38:33,41
2,Wild_pig,4.65428,9/3/2015,9,3,2015,17:46,6
2,Wild_pig,0.0733,9/3/2016,9,3,2016,12:16:48,41
2,Wild_pig,0.60883,9/3/2016,9,3,2016,2:19:32,18
2,Wild_pig,1.0949,9/3/2016,9,3,2016,4:10:56,29
2,Wild_pig,1.21308,9/3/2016,9,3,2016,4:38:01,13
2,Wild_pig,4.92117,9/3/2016,9,3,2016,6:47:51,19
2,Wild_pig,4.98859,9/3/2016,9,3,2016,7:03:18,41
2,Wild_pig,5.14683,9/3/2016,9,3,2016,7:39:34,41
2,Wild_pig,5.6769,9/3/2016,9,3,2016,9:41:03,30
2,Wild_pig,5.97128,9/3/2016,9,3,2016,10:48:31,38
2,Wild_pig,6.05862,9/3/2016,9,3,2016,11:08:32,42
2,Wild_pig,6.21126,9/3/2016,9,3,2016,11:43:31,37
2,Wild_pig,6.24362,9/3/2016,9,3,2016,11:50:56,2
2,Wild_pig,0.40863,9/4/2015,9,4,2015,1:33,8
2,Wild_pig,4.73639,9/4/2015,9,4,2015,18:05,6
2,Wild_pig,4.95754,9/4/2015,9,4,2015,18:56,6
2,Wild_pig,5.03135,9/4/2015,9,4,2015,19:13,8
2,Wild_pig,0.07192,9/4/2016,9,4,2016,12:16:29,41
2,Wild_pig,0.2426,9/4/2016,9,4,2016,12:55:36,41
2,Wild_pig,0.29169,9/4/2016,9,4,2016,1:06:51,18
2,Wild_pig,1.27409,9/4/2016,9,4,2016,4:52:00,41
2,Wild_pig,1.73493,9/4/2016,9,4,2016,6:37:37,6
2,Wild_pig,2.88932,9/4/2016,9,4,2016,11:02:11,18
2,Wild_pig,3.11759,9/4/2016,9,4,2016,11:54:30,18
2,Wild_pig,5.19025,9/4/2016,9,4,2016,7:49:31,41
2,Wild_pig,5.29264,9/4/2016,9,4,2016,8:12:59,42
2,Wild_pig,5.85034,9/4/2016,9,4,2016,10:20:48,41
2,Wild_pig,6.10174,9/4/2016,9,4,2016,11:18:25,31
2,Wild_pig,0.76111,9/5/2015,9,5,2015,2:54,8
2,Wild_pig,1.80787,9/5/2015,9,5,2015,6:54,6
2,Wild_pig,1.83616,9/5/2015,9,5,2015,7:00,3
2,Wild_pig,3.38892,9/5/2015,9,5,2015,12:56,7
2,Wild_pig,3.7129,9/5/2015,9,5,2015,14:10,7
2,Wild_pig,5.0104,9/5/2015,9,5,2015,19:08,4
2,Wild_pig,5.56353,9/5/2015,9,5,2015,21:15,10
2,Wild_pig,0.77704,9/5/2016,9,5,2016,2:58:05,41
2,Wild_pig,0.88154,9/5/2016,9,5,2016,3:22:02,18
2,Wild_pig,4.51335,9/5/2016,9,5,2016,5:14:23,13
2,Wild_pig,5.08211,9/5/2016,9,5,2016,7:24:44,29
2,Wild_pig,5.19294,9/5/2016,9,5,2016,7:50:08,41
2,Wild_pig,5.55037,9/5/2016,9,5,2016,9:12:03,29
2,Wild_pig,5.63465,9/5/2016,9,5,2016,9:31:22,11
2,Wild_pig,5.74759,9/5/2016,9,5,2016,9:57:15,29
2,Wild_pig,0.42666,9/6/2015,9,6,2015,1:37,7
2,Wild_pig,0.68359,9/6/2015,9,6,2015,2:36,8
2,Wild_pig,0.72867,9/6/2015,9,6,2015,2:47,6
2,Wild_pig,2.48768,9/6/2015,9,6,2015,9:30,7
2,Wild_pig,0.02807,9/6/2016,9,6,2016,12:06:26,41
2,Wild_pig,0.66773,9/6/2016,9,6,2016,2:33:02,7
2,Wild_pig,0.71442,9/6/2016,9,6,2016,2:43:44,28
2,Wild_pig,0.90074,9/6/2016,9,6,2016,3:26:26,40
2,Wild_pig,2.27424,9/6/2016,9,6,2016,8:41:13,39
2,Wild_pig,2.90314,9/6/2016,9,6,2016,11:05:21,7
2,Wild_pig,4.47997,9/6/2016,9,6,2016,5:06:44,29
2,Wild_pig,4.69806,9/6/2016,9,6,2016,5:56:43,6
2,Wild_pig,4.89448,9/6/2016,9,6,2016,6:41:44,33
2,Wild_pig,5.83507,9/6/2016,9,6,2016,10:17:18,30
2,Wild_pig,5.92736,9/6/2016,9,6,2016,10:38:27,7
2,Wild_pig,0.30572,9/7/2015,9,7,2015,1:10,8
2,Wild_pig,4.52557,9/7/2015,9,7,2015,17:17,8
2,Wild_pig,0.06763,9/7/2016,9,7,2016,12:15:30,17
2,Wild_pig,0.6881,9/7/2016,9,7,2016,2:37:42,28
2,Wild_pig,1.34928,9/7/2016,9,7,2016,5:09:14,30
2,Wild_pig,1.60447,9/7/2016,9,7,2016,6:07:43,29
2,Wild_pig,3.66934,9/7/2016,9,7,2016,2:00:57,29
2,Wild_pig,5.06051,9/7/2016,9,7,2016,7:19:47,17
2,Wild_pig,5.30609,9/7/2016,9,7,2016,8:16:04,41
2,Wild_pig,6.09273,9/7/2016,9,7,2016,11:16:21,6
2,Wild_pig,0.25504,9/8/2016,9,8,2016,12:58:27,41
2,Wild_pig,0.88168,9/8/2016,9,8,2016,3:22:04,7
2,Wild_pig,1.60439,9/8/2016,9,8,2016,6:07:42,20
2,Wild_pig,2.48113,9/8/2016,9,8,2016,9:28:38,7
2,Wild_pig,4.26849,9/8/2016,9,8,2016,4:18:16,7
2,Wild_pig,5.05615,9/8/2016,9,8,2016,7:18:47,28
2,Wild_pig,5.05862,9/8/2016,9,8,2016,7:19:21,30
2,Wild_pig,5.07622,9/8/2016,9,8,2016,7:23:23,20
2,Wild_pig,5.42128,9/8/2016,9,8,2016,8:42:28,6
2,Wild_pig,6.11432,9/8/2016,9,8,2016,11:21:18,18
2,Wild_pig,6.24101,9/8/2016,9,8,2016,11:50:20,43
2,Wild_pig,0.83841,9/9/2015,9,9,2015,3:12,8
2,Wild_pig,1.31103,9/9/2015,9,9,2015,5:00,6
2,Wild_pig,3.74482,9/9/2015,9,9,2015,14:18,10
2,Wild_pig,0.13054,9/9/2016,9,9,2016,12:29:55,39
2,Wild_pig,0.22391,9/9/2016,9,9,2016,12:51:19,28
2,Wild_pig,0.34434,9/9/2016,9,9,2016,1:18:55,38
2,Wild_pig,0.53938,9/9/2016,9,9,2016,2:03:37,41
2,Wild_pig,0.5881,9/9/2016,9,9,2016,2:14:47,38
2,Wild_pig,1.06203,9/9/2016,9,9,2016,4:03:24,19
2,Wild_pig,1.2738,9/9/2016,9,9,2016,4:51:56,46
2,Wild_pig,4.32769,9/9/2016,9,9,2016,4:31:50,11
2,Wild_pig,4.68483,9/9/2016,9,9,2016,5:53:41,30
2,Wild_pig,5.24377,9/9/2016,9,9,2016,8:01:47,16
2,Wild_pig,5.7934,9/9/2016,9,9,2016,10:07:45,6
2,Wild_pig,5.90954,9/9/2016,9,9,2016,10:34:22,30
2,Wild_pig,6.09142,9/9/2016,9,9,2016,11:16:03,18
2,Wild_pig,0.26274,9/10/2015,9,10,2015,1:00,37
2,Wild_pig,1.86227,9/10/2015,9,10,2015,7:06,3
2,Wild_pig,2.01171,9/10/2015,9,10,2015,7:41,37
2,Wild_pig,3.06778,9/10/2015,9,10,2015,11:43,5
2,Wild_pig,5.84722,9/10/2015,9,10,2015,22:20,6
2,Wild_pig,0.49066,9/10/2016,9,10,2016,1:52:27,4
2,Wild_pig,0.50455,9/10/2016,9,10,2016,1:55:38,28
2,Wild_pig,0.65566,9/10/2016,9,10,2016,2:30:16,7
2,Wild_pig,1.56563,9/10/2016,9,10,2016,5:58:49,30
2,Wild_pig,3.12181,9/10/2016,9,10,2016,11:55:28,13
2,Wild_pig,4.64214,9/10/2016,9,10,2016,5:43:54,17
2,Wild_pig,4.83791,9/10/2016,9,10,2016,6:28:46,6
2,Wild_pig,4.88903,9/10/2016,9,10,2016,6:40:29,18
2,Wild_pig,4.98444,9/10/2016,9,10,2016,7:02:21,41
2,Wild_pig,5.11927,9/10/2016,9,10,2016,7:33:15,13
2,Wild_pig,5.13621,9/10/2016,9,10,2016,7:37:08,28
2,Wild_pig,5.19868,9/10/2016,9,10,2016,7:51:27,41
2,Wild_pig,5.20166,9/10/2016,9,10,2016,7:52:08,23
2,Wild_pig,5.36812,9/10/2016,9,10,2016,8:30:17,41
2,Wild_pig,5.53597,9/10/2016,9,10,2016,9:08:45,21
2,Wild_pig,5.66308,9/10/2016,9,10,2016,9:37:53,13
2,Wild_pig,5.87463,9/10/2016,9,10,2016,10:26:22,13
2,Wild_pig,6.032,9/10/2016,9,10,2016,11:02:26,21
2,Wild_pig,0.0608,9/11/2015,9,11,2015,0:13,30
2,Wild_pig,0.18144,9/11/2015,9,11,2015,0:41,8
2,Wild_pig,0.54912,9/11/2015,9,11,2015,2:05,30
2,Wild_pig,0.81361,9/11/2015,9,11,2015,3:06,6
2,Wild_pig,4.99644,9/11/2015,9,11,2015,19:05,38
2,Wild_pig,5.04662,9/11/2015,9,11,2015,19:16,8
2,Wild_pig,5.70766,9/11/2015,9,11,2015,21:48,38
2,Wild_pig,6.26413,9/11/2015,9,11,2015,23:55,45
2,Wild_pig,0.33896,9/11/2016,9,11,2016,1:17:41,2
2,Wild_pig,0.41852,9/11/2016,9,11,2016,1:35:55,30
2,Wild_pig,0.70831,9/11/2016,9,11,2016,2:42:20,29
2,Wild_pig,1.31961,9/11/2016,9,11,2016,5:02:26,19
2,Wild_pig,1.49247,9/11/2016,9,11,2016,5:42:03,32
2,Wild_pig,4.80467,9/11/2016,9,11,2016,6:21:09,6
2,Wild_pig,5.11243,9/11/2016,9,11,2016,7:31:41,13
2,Wild_pig,5.31729,9/11/2016,9,11,2016,8:18:38,41
2,Wild_pig,5.3306,9/11/2016,9,11,2016,8:21:41,29
2,Wild_pig,5.3442,9/11/2016,9,11,2016,8:24:48,10
2,Wild_pig,5.39474,9/11/2016,9,11,2016,8:36:23,42
2,Wild_pig,5.53037,9/11/2016,9,11,2016,9:07:28,41
2,Wild_pig,5.57371,9/11/2016,9,11,2016,9:17:24,22
2,Wild_pig,5.94699,9/11/2016,9,11,2016,10:42:57,41
2,Wild_pig,6.18196,9/11/2016,9,11,2016,11:36:48,30
2,Wild_pig,0.1453,9/12/2015,9,12,2015,0:33,8
2,Wild_pig,0.66512,9/12/2015,9,12,2015,2:32,37
2,Wild_pig,0.69595,9/12/2015,9,12,2015,2:39,6
2,Wild_pig,0.97978,9/12/2015,9,12,2015,3:44,44
2,Wild_pig,1.59821,9/12/2015,9,12,2015,6:06,44
2,Wild_pig,1.93092,9/12/2015,9,12,2015,7:22,6
2,Wild_pig,3.61676,9/12/2015,9,12,2015,13:48,30
2,Wild_pig,4.05455,9/12/2015,9,12,2015,15:29,6
2,Wild_pig,4.41641,9/12/2015,9,12,2015,16:52,6
2,Wild_pig,4.85725,9/12/2015,9,12,2015,18:33,46
2,Wild_pig,5.57589,9/12/2015,9,12,2015,21:17,37
2,Wild_pig,6.10596,9/12/2015,9,12,2015,23:19,37
2,Wild_pig,6.23293,9/12/2015,9,12,2015,23:48,8
2,Wild_pig,0.0384,9/12/2016,9,12,2016,12:08:48,30
2,Wild_pig,0.38972,9/12/2016,9,12,2016,1:29:19,18
2,Wild_pig,0.55516,9/12/2016,9,12,2016,2:07:14,7
2,Wild_pig,0.84125,9/12/2016,9,12,2016,3:12:48,21
2,Wild_pig,5.01128,9/12/2016,9,12,2016,7:08:30,19
2,Wild_pig,5.08611,9/12/2016,9,12,2016,7:25:39,30
2,Wild_pig,5.21039,9/12/2016,9,12,2016,7:54:08,24
2,Wild_pig,5.70046,9/12/2016,9,12,2016,9:46:27,41
2,Wild_pig,5.77573,9/12/2016,9,12,2016,10:03:42,14
2,Wild_pig,5.85834,9/12/2016,9,12,2016,10:22:38,46
2,Wild_pig,5.96059,9/12/2016,9,12,2016,10:46:04,13
2,Wild_pig,6.23097,9/12/2016,9,12,2016,11:48:02,22
2,Wild_pig,0.08858,9/13/2015,9,13,2015,0:20,37
2,Wild_pig,0.38826,9/13/2015,9,13,2015,1:28,6
2,Wild_pig,0.46789,9/13/2015,9,13,2015,1:47,8
2,Wild_pig,0.546,9/13/2015,9,13,2015,2:05,6
2,Wild_pig,0.64308,9/13/2015,9,13,2015,2:27,44
2,Wild_pig,1.33627,9/13/2015,9,13,2015,5:06,44
2,Wild_pig,1.87608,9/13/2015,9,13,2015,7:09,38
2,Wild_pig,2.0448,9/13/2015,9,13,2015,7:48,30
2,Wild_pig,2.91783,9/13/2015,9,13,2015,11:08,4
2,Wild_pig,4.94292,9/13/2015,9,13,2015,18:52,8
2,Wild_pig,4.95317,9/13/2015,9,13,2015,18:55,38
2,Wild_pig,5.37496,9/13/2015,9,13,2015,20:31,37
2,Wild_pig,0.4175,9/13/2016,9,13,2016,1:35:41,18
2,Wild_pig,0.45975,9/13/2016,9,13,2016,1:45:22,39
2,Wild_pig,0.85747,9/13/2016,9,13,2016,3:16:31,29
2,Wild_pig,4.15941,9/13/2016,9,13,2016,3:53:16,31
2,Wild_pig,4.58985,9/13/2016,9,13,2016,5:31:55,6
2,Wild_pig,4.86663,9/13/2016,9,13,2016,6:35:21,18
2,Wild_pig,4.87245,9/13/2016,9,13,2016,6:36:41,34
2,Wild_pig,4.90678,9/13/2016,9,13,2016,6:44:33,39
2,Wild_pig,4.95797,9/13/2016,9,13,2016,6:56:17,13
2,Wild_pig,5.39278,9/13/2016,9,13,2016,8:35:56,28
2,Wild_pig,5.61618,9/13/2016,9,13,2016,9:27:08,30
2,Wild_pig,5.81515,9/13/2016,9,13,2016,10:12:44,13
2,Wild_pig,0.58876,9/14/2015,9,14,2015,2:14,8
2,Wild_pig,3.86518,9/14/2015,9,14,2015,14:45,30
2,Wild_pig,4.04815,9/14/2015,9,14,2015,15:27,8
2,Wild_pig,0.01629,9/14/2016,9,14,2016,12:03:44,23
2,Wild_pig,0.09868,9/14/2016,9,14,2016,12:22:37,11
2,Wild_pig,0.10959,9/14/2016,9,14,2016,12:25:07,28
2,Wild_pig,0.37626,9/14/2016,9,14,2016,1:26:14,31
2,Wild_pig,0.78816,9/14/2016,9,14,2016,3:00:38,29
2,Wild_pig,0.79093,9/14/2016,9,14,2016,3:01:16,13
2,Wild_pig,1.28267,9/14/2016,9,14,2016,4:53:58,7
2,Wild_pig,1.65675,9/14/2016,9,14,2016,6:19:42,23
2,Wild_pig,3.44281,9/14/2016,9,14,2016,1:09:02,29
2,Wild_pig,3.64083,9/14/2016,9,14,2016,1:54:25,19
2,Wild_pig,3.99709,9/14/2016,9,14,2016,3:16:04,29
2,Wild_pig,4.98379,9/14/2016,9,14,2016,7:02:12,30
2,Wild_pig,5.05818,9/14/2016,9,14,2016,7:19:15,27
2,Wild_pig,5.43706,9/14/2016,9,14,2016,8:46:05,17
2,Wild_pig,6.08473,9/14/2016,9,14,2016,11:14:31,28
2,Wild_pig,6.20326,9/14/2016,9,14,2016,11:41:41,16
2,Wild_pig,0.04858,9/15/2015,9,15,2015,0:11,8
2,Wild_pig,0.53698,9/15/2015,9,15,2015,2:03,37
2,Wild_pig,0.85819,9/15/2015,9,15,2015,3:16,37
2,Wild_pig,1.13606,9/15/2015,9,15,2015,4:20,37
2,Wild_pig,1.34841,9/15/2015,9,15,2015,5:09,44
2,Wild_pig,4.09229,9/15/2015,9,15,2015,15:37,8
2,Wild_pig,4.28362,9/15/2015,9,15,2015,16:21,8
2,Wild_pig,4.58542,9/15/2015,9,15,2015,17:30,8
2,Wild_pig,4.60672,9/15/2015,9,15,2015,17:35,36
2,Wild_pig,4.88518,9/15/2015,9,15,2015,18:39,30
2,Wild_pig,4.90983,9/15/2015,9,15,2015,18:45,37
2,Wild_pig,4.96226,9/15/2015,9,15,2015,18:57,24
2,Wild_pig,5.15498,9/15/2015,9,15,2015,19:41,45
2,Wild_pig,5.30275,9/15/2015,9,15,2015,20:15,8
2,Wild_pig,5.45081,9/15/2015,9,15,2015,20:49,37
2,Wild_pig,5.77529,9/15/2015,9,15,2015,22:03,37
2,Wild_pig,1.40201,9/15/2016,9,15,2016,5:21:19,41
2,Wild_pig,1.92401,9/15/2016,9,15,2016,7:20:57,39
2,Wild_pig,2.53102,9/15/2016,9,15,2016,9:40:04,19
2,Wild_pig,2.63421,9/15/2016,9,15,2016,10:03:43,26
2,Wild_pig,2.7342,9/15/2016,9,15,2016,10:26:38,31
2,Wild_pig,3.33503,9/15/2016,9,15,2016,12:44:20,19
2,Wild_pig,4.40543,9/15/2016,9,15,2016,4:49:39,33
2,Wild_pig,4.90081,9/15/2016,9,15,2016,6:43:11,19
2,Wild_pig,5.38318,9/15/2016,9,15,2016,8:33:44,7
2,Wild_pig,5.61276,9/15/2016,9,15,2016,9:26:21,18
2,Wild_pig,5.91688,9/15/2016,9,15,2016,10:36:03,42
2,Wild_pig,0.13628,9/16/2015,9,16,2015,0:31,46
2,Wild_pig,0.14086,9/16/2015,9,16,2015,0:32,8
2,Wild_pig,0.88117,9/16/2015,9,16,2015,3:21,5
2,Wild_pig,1.28253,9/16/2015,9,16,2015,4:53,31
2,Wild_pig,1.85361,9/16/2015,9,16,2015,7:04,8
2,Wild_pig,1.93579,9/16/2015,9,16,2015,7:23,16
2,Wild_pig,2.87128,9/16/2015,9,16,2015,10:58,6
2,Wild_pig,3.66766,9/16/2015,9,16,2015,14:00,8
2,Wild_pig,3.68017,9/16/2015,9,16,2015,14:03,16
2,Wild_pig,3.74846,9/16/2015,9,16,2015,14:19,6
2,Wild_pig,3.98466,9/16/2015,9,16,2015,15:13,8
2,Wild_pig,4.13716,9/16/2015,9,16,2015,15:48,8
2,Wild_pig,4.88634,9/16/2015,9,16,2015,18:39,8
2,Wild_pig,5.04204,9/16/2015,9,16,2015,19:15,8
2,Wild_pig,1.02458,9/16/2016,9,16,2016,3:54:49,19
2,Wild_pig,1.52309,9/16/2016,9,16,2016,5:49:04,3
2,Wild_pig,1.55822,9/16/2016,9,16,2016,5:57:07,18
2,Wild_pig,3.80685,9/16/2016,9,16,2016,2:32:28,18
2,Wild_pig,4.19744,9/16/2016,9,16,2016,4:01:59,20
2,Wild_pig,4.28129,9/16/2016,9,16,2016,4:21:12,30
2,Wild_pig,4.50789,9/16/2016,9,16,2016,5:13:08,29
2,Wild_pig,4.58673,9/16/2016,9,16,2016,5:31:12,30
2,Wild_pig,5.06815,9/16/2016,9,16,2016,7:21:32,41
2,Wild_pig,5.53829,9/16/2016,9,16,2016,9:09:17,41
2,Wild_pig,5.61443,9/16/2016,9,16,2016,9:26:44,30
2,Wild_pig,5.74897,9/16/2016,9,16,2016,9:57:34,42
2,Wild_pig,5.90649,9/16/2016,9,16,2016,10:33:40,18
2,Wild_pig,0.19068,9/17/2015,9,17,2015,0:43,37
2,Wild_pig,0.47757,9/17/2015,9,17,2015,1:49,36
2,Wild_pig,0.68606,9/17/2015,9,17,2015,2:37,37
2,Wild_pig,1.23177,9/17/2015,9,17,2015,4:42,8
2,Wild_pig,1.69188,9/17/2015,9,17,2015,6:27,6
2,Wild_pig,1.94415,9/17/2015,9,17,2015,7:25,7
2,Wild_pig,2.06371,9/17/2015,9,17,2015,7:52,16
2,Wild_pig,2.56818,9/17/2015,9,17,2015,9:48,8
2,Wild_pig,3.26435,9/17/2015,9,17,2015,12:28,8
2,Wild_pig,3.60825,9/17/2015,9,17,2015,13:46,41
2,Wild_pig,4.53662,9/17/2015,9,17,2015,17:19,8
2,Wild_pig,4.75624,9/17/2015,9,17,2015,18:10,46
2,Wild_pig,4.83493,9/17/2015,9,17,2015,18:28,8
2,Wild_pig,5.19192,9/17/2015,9,17,2015,19:49,6
2,Wild_pig,5.19875,9/17/2015,9,17,2015,19:51,8
2,Wild_pig,5.64505,9/17/2015,9,17,2015,21:33,16
2,Wild_pig,5.82569,9/17/2015,9,17,2015,22:15,46
2,Wild_pig,0.22907,9/17/2016,9,17,2016,12:52:30,6
2,Wild_pig,0.3066,9/17/2016,9,17,2016,1:10:16,18
2,Wild_pig,0.37096,9/17/2016,9,17,2016,1:25:01,27
2,Wild_pig,1.39532,9/17/2016,9,17,2016,5:19:47,16
2,Wild_pig,2.67021,9/17/2016,9,17,2016,10:11:58,29
2,Wild_pig,3.03811,9/17/2016,9,17,2016,11:36:17,30
2,Wild_pig,3.26406,9/17/2016,9,17,2016,12:28:04,29
2,Wild_pig,4.88183,9/17/2016,9,17,2016,6:38:50,13
2,Wild_pig,5.07709,9/17/2016,9,17,2016,7:23:35,41
2,Wild_pig,5.21512,9/17/2016,9,17,2016,7:55:13,41
2,Wild_pig,5.52746,9/17/2016,9,17,2016,9:06:48,18
2,Wild_pig,5.8214,9/17/2016,9,17,2016,10:14:10,17
2,Wild_pig,5.83645,9/17/2016,9,17,2016,10:17:37,11
2,Wild_pig,5.83798,9/17/2016,9,17,2016,10:17:58,18
2,Wild_pig,6.10843,9/17/2016,9,17,2016,11:19:57,18
2,Wild_pig,6.11229,9/17/2016,9,17,2016,11:20:50,28
2,Wild_pig,6.13127,9/17/2016,9,17,2016,11:25:11,45
2,Wild_pig,6.20043,9/17/2016,9,17,2016,11:41:02,15
2,Wild_pig,0.0941,9/18/2015,9,18,2015,0:21,37
2,Wild_pig,0.21744,9/18/2015,9,18,2015,0:49,45
2,Wild_pig,0.25184,9/18/2015,9,18,2015,0:57,18
2,Wild_pig,0.62439,9/18/2015,9,18,2015,2:23,8
2,Wild_pig,0.65704,9/18/2015,9,18,2015,2:30,6
2,Wild_pig,0.73238,9/18/2015,9,18,2015,2:47,37
2,Wild_pig,0.9507,9/18/2015,9,18,2015,3:37,45
2,Wild_pig,1.38906,9/18/2015,9,18,2015,5:18,6
2,Wild_pig,1.92139,9/18/2015,9,18,2015,7:20,29
2,Wild_pig,2.32754,9/18/2015,9,18,2015,8:53,43
2,Wild_pig,3.3943,9/18/2015,9,18,2015,12:57,8
2,Wild_pig,3.87041,9/18/2015,9,18,2015,14:47,8
2,Wild_pig,4.2522,9/18/2015,9,18,2015,16:14,16
2,Wild_pig,4.72832,9/18/2015,9,18,2015,18:03,18
2,Wild_pig,0.37256,9/18/2016,9,18,2016,1:25:23,6
2,Wild_pig,0.94895,9/18/2016,9,18,2016,3:37:29,20
2,Wild_pig,1.18319,9/18/2016,9,18,2016,4:31:10,6
2,Wild_pig,4.75311,9/18/2016,9,18,2016,6:09:20,14
2,Wild_pig,4.87165,9/18/2016,9,18,2016,6:36:30,6
2,Wild_pig,4.89216,9/18/2016,9,18,2016,6:41:12,19
2,Wild_pig,4.8947,9/18/2016,9,18,2016,6:41:47,41
2,Wild_pig,5.39605,9/18/2016,9,18,2016,8:36:41,41
2,Wild_pig,5.56956,9/18/2016,9,18,2016,9:16:27,18
2,Wild_pig,5.57742,9/18/2016,9,18,2016,9:18:15,30
2,Wild_pig,5.83253,9/18/2016,9,18,2016,10:16:43,18
2,Wild_pig,6.19366,9/18/2016,9,18,2016,11:39:29,6
2,Wild_pig,0.8419,9/19/2015,9,19,2015,3:12,29
2,Wild_pig,1.04182,9/19/2015,9,19,2015,3:58,44
2,Wild_pig,1.67697,9/19/2015,9,19,2015,6:24,45
2,Wild_pig,3.82074,9/19/2015,9,19,2015,14:35,8
2,Wild_pig,4.33591,9/19/2015,9,19,2015,16:33,18
2,Wild_pig,4.42077,9/19/2015,9,19,2015,16:53,8
2,Wild_pig,4.50375,9/19/2015,9,19,2015,17:12,24
2,Wild_pig,4.56433,9/19/2015,9,19,2015,17:26,8
2,Wild_pig,4.6164,9/19/2015,9,19,2015,17:38,18
2,Wild_pig,4.62338,9/19/2015,9,19,2015,17:39,15
2,Wild_pig,5.4287,9/19/2015,9,19,2015,20:44,28
2,Wild_pig,5.62716,9/19/2015,9,19,2015,21:29,17
2,Wild_pig,5.62825,9/19/2015,9,19,2015,21:29,18
2,Wild_pig,5.63778,9/19/2015,9,19,2015,21:32,37
2,Wild_pig,5.80678,9/19/2015,9,19,2015,22:10,38
2,Wild_pig,5.82453,9/19/2015,9,19,2015,22:14,45
2,Wild_pig,0.02203,9/19/2016,9,19,2016,12:05:03,46
2,Wild_pig,0.11316,9/19/2016,9,19,2016,12:25:56,22
2,Wild_pig,0.20406,9/19/2016,9,19,2016,12:46:46,47
2,Wild_pig,0.27125,9/19/2016,9,19,2016,1:02:10,29
2,Wild_pig,1.12959,9/19/2016,9,19,2016,4:18:53,19
2,Wild_pig,1.32812,9/19/2016,9,19,2016,5:04:23,29
2,Wild_pig,5.43757,9/19/2016,9,19,2016,8:46:12,26
2,Wild_pig,5.67516,9/19/2016,9,19,2016,9:40:39,45
2,Wild_pig,5.72315,9/19/2016,9,19,2016,9:51:39,18
2,Wild_pig,6.26333,9/19/2016,9,19,2016,11:55:27,18
2,Wild_pig,1.31147,9/20/2015,9,20,2015,5:00,8
2,Wild_pig,3.28638,9/20/2015,9,20,2015,12:33,8
2,Wild_pig,3.70439,9/20/2015,9,20,2015,14:08,8
2,Wild_pig,4.24486,9/20/2015,9,20,2015,16:12,3
2,Wild_pig,4.43037,9/20/2015,9,20,2015,16:55,38
2,Wild_pig,4.47524,9/20/2015,9,20,2015,17:05,24
2,Wild_pig,4.97862,9/20/2015,9,20,2015,19:01,29
2,Wild_pig,5.15905,9/20/2015,9,20,2015,19:42,18
2,Wild_pig,5.37111,9/20/2015,9,20,2015,20:30,18
2,Wild_pig,6.23788,9/20/2015,9,20,2015,23:49,29
2,Wild_pig,0.2866,9/20/2016,9,20,2016,1:05:41,6
2,Wild_pig,0.61886,9/20/2016,9,20,2016,2:21:50,16
2,Wild_pig,1.3951,9/20/2016,9,20,2016,5:19:44,6
2,Wild_pig,5.29678,9/20/2016,9,20,2016,8:13:56,7
2,Wild_pig,5.76519,9/20/2016,9,20,2016,10:01:17,7
2,Wild_pig,5.90561,9/20/2016,9,20,2016,10:33:28,19
