Zone,Species,timeRad,ImageDate,Month,Day,Year,Time,LocationName
2,Wild_pig,4.27962,1/1/2016,1,1,2016,16:20,36
2,Wild_pig,1.65435,1/1/2017,1,1,2017,6:19:09,17
2,Wild_pig,2.39234,1/1/2017,1,1,2017,9:08:17,6
2,Wild_pig,3.11883,1/1/2017,1,1,2017,11:54:47,5
2,Wild_pig,4.317,1/1/2017,1,1,2017,4:29:23,6
2,Wild_pig,4.53793,1/1/2017,1,1,2017,5:20:01,7
2,Wild_pig,2.66715,1/2/2016,1,2,2016,10:11,44
2,Wild_pig,3.9968,1/2/2016,1,2,2016,15:16,12
2,Wild_pig,5.64505,1/2/2016,1,2,2016,21:33,37
2,Wild_pig,2.09178,1/2/2017,1,2,2017,7:59:24,25
2,Wild_pig,3.64163,1/2/2017,1,2,2017,1:54:36,16
2,Wild_pig,3.8835,1/2/2017,1,2,2017,2:50:02,16
2,Wild_pig,4.45233,1/2/2017,1,2,2017,5:00:24,25
2,Wild_pig,5.20704,1/2/2017,1,2,2017,7:53:22,46
2,Wild_pig,2.65443,1/3/2016,1,3,2016,10:08,31
2,Wild_pig,3.45597,1/3/2016,1,3,2016,13:12,18
2,Wild_pig,3.63123,1/3/2016,1,3,2016,13:52,17
2,Wild_pig,4.62098,1/3/2016,1,3,2016,17:39,43
2,Wild_pig,0.55669,1/3/2017,1,3,2017,2:07:35,25
2,Wild_pig,0.6489,1/3/2017,1,3,2017,2:28:43,6
2,Wild_pig,1.10443,1/3/2017,1,3,2017,4:13:07,25
2,Wild_pig,2.56803,1/3/2017,1,3,2017,9:48:33,39
2,Wild_pig,2.78191,1/3/2017,1,3,2017,10:37:34,34
2,Wild_pig,3.25344,1/3/2017,1,3,2017,12:25:38,25
2,Wild_pig,4.25911,1/3/2017,1,3,2017,4:16:07,5
2,Wild_pig,4.37365,1/3/2017,1,3,2017,4:42:22,26
2,Wild_pig,6.1709,1/3/2017,1,3,2017,11:34:16,46
2,Wild_pig,3.68941,1/4/2016,1,4,2016,14:05,6
2,Wild_pig,4.42914,1/4/2016,1,4,2016,16:55,44
2,Wild_pig,0.38114,1/4/2017,1,4,2017,1:27:21,6
2,Wild_pig,0.80983,1/4/2017,1,4,2017,3:05:36,25
2,Wild_pig,1.01404,1/4/2017,1,4,2017,3:52:24,6
2,Wild_pig,1.56861,1/4/2017,1,4,2017,5:59:30,6
2,Wild_pig,2.23926,1/4/2017,1,4,2017,8:33:12,7
2,Wild_pig,3.62607,1/4/2017,1,4,2017,1:51:02,33
2,Wild_pig,3.73697,1/4/2017,1,4,2017,2:16:27,7
2,Wild_pig,5.27569,1/4/2017,1,4,2017,8:09:06,46
2,Wild_pig,4.49822,1/5/2016,1,5,2016,17:10,17
2,Wild_pig,4.58222,1/5/2016,1,5,2016,17:30,9
2,Wild_pig,4.58469,1/5/2016,1,5,2016,17:30,25
2,Wild_pig,2.73631,1/5/2017,1,5,2017,10:27:07,6
2,Wild_pig,3.38841,1/5/2017,1,5,2017,12:56:34,12
2,Wild_pig,3.42179,1/5/2017,1,5,2017,1:04:13,29
2,Wild_pig,2.61901,1/6/2016,1,6,2016,10:00,43
2,Wild_pig,2.91325,1/6/2016,1,6,2016,11:07,10
2,Wild_pig,3.86801,1/6/2016,1,6,2016,14:46,38
2,Wild_pig,4.40608,1/6/2016,1,6,2016,16:49,43
2,Wild_pig,1.54193,1/6/2017,1,6,2017,5:53:23,25
2,Wild_pig,1.83361,1/6/2017,1,6,2017,7:00:14,26
2,Wild_pig,2.14763,1/6/2017,1,6,2017,8:12:12,6
2,Wild_pig,2.45648,1/6/2017,1,6,2017,9:22:59,16
2,Wild_pig,3.81609,1/6/2017,1,6,2017,2:34:35,14
2,Wild_pig,4.1773,1/6/2017,1,6,2017,3:57:22,6
2,Wild_pig,4.41561,1/6/2017,1,6,2017,4:51:59,6
2,Wild_pig,4.81165,1/6/2017,1,6,2017,6:22:45,7
2,Wild_pig,2.74628,1/7/2016,1,7,2016,10:29,6
2,Wild_pig,2.7894,1/7/2016,1,7,2016,10:39,20
2,Wild_pig,3.25904,1/7/2016,1,7,2016,12:26,30
2,Wild_pig,3.27191,1/7/2016,1,7,2016,12:29,28
2,Wild_pig,4.49619,1/7/2016,1,7,2016,17:10,11
2,Wild_pig,0.42084,1/7/2017,1,7,2017,1:36:27,19
2,Wild_pig,0.5713,1/7/2017,1,7,2017,2:10:56,17
2,Wild_pig,0.64606,1/7/2017,1,7,2017,2:28:04,6
2,Wild_pig,1.23897,1/7/2017,1,7,2017,4:43:57,6
2,Wild_pig,2.93833,1/7/2017,1,7,2017,11:13:25,7
2,Wild_pig,3.10138,1/7/2017,1,7,2017,11:50:47,6
2,Wild_pig,3.21402,1/7/2017,1,7,2017,12:16:36,26
2,Wild_pig,3.32565,1/7/2017,1,7,2017,12:42:11,16
2,Wild_pig,3.52564,1/7/2017,1,7,2017,1:28:01,43
2,Wild_pig,3.94903,1/7/2017,1,7,2017,3:05:03,19
2,Wild_pig,4.41808,1/7/2017,1,7,2017,4:52:33,43
2,Wild_pig,4.55393,1/7/2017,1,7,2017,5:23:41,7
2,Wild_pig,5.15308,1/7/2017,1,7,2017,7:41:00,25
2,Wild_pig,6.03884,1/7/2017,1,7,2017,11:04:00,6
2,Wild_pig,2.42892,1/8/2016,1,8,2016,9:16,6
2,Wild_pig,3.07745,1/8/2016,1,8,2016,11:45,5
2,Wild_pig,3.81078,1/8/2016,1,8,2016,14:33,20
2,Wild_pig,4.06167,1/8/2016,1,8,2016,15:30,31
2,Wild_pig,4.57989,1/8/2016,1,8,2016,17:29,25
2,Wild_pig,4.6953,1/8/2016,1,8,2016,17:56,46
2,Wild_pig,4.76184,1/8/2016,1,8,2016,18:11,6
2,Wild_pig,4.83616,1/8/2016,1,8,2016,18:28,46
2,Wild_pig,5.79515,1/8/2016,1,8,2016,22:08,6
2,Wild_pig,2.49662,1/8/2017,1,8,2017,9:32:11,16
2,Wild_pig,3.24377,1/8/2017,1,8,2017,12:23:25,17
2,Wild_pig,4.40732,1/8/2017,1,8,2017,4:50:05,7
2,Wild_pig,4.66505,1/8/2017,1,8,2017,5:49:09,7
2,Wild_pig,3.96648,1/9/2016,1,9,2016,15:09,6
2,Wild_pig,4.55618,1/9/2016,1,9,2016,17:24,41
2,Wild_pig,1.71617,1/9/2017,1,9,2017,6:33:19,6
2,Wild_pig,2.15905,1/9/2017,1,9,2017,8:14:49,6
2,Wild_pig,3.12283,1/9/2017,1,9,2017,11:55:42,25
2,Wild_pig,6.05266,1/9/2017,1,9,2017,11:07:10,6
2,Wild_pig,0.22755,1/10/2016,1,10,2016,0:52,30
2,Wild_pig,2.83638,1/10/2016,1,10,2016,10:50,28
2,Wild_pig,3.03535,1/10/2016,1,10,2016,11:35,44
2,Wild_pig,4.29613,1/10/2016,1,10,2016,16:24,31
2,Wild_pig,4.98975,1/10/2016,1,10,2016,19:03,10
2,Wild_pig,5.04691,1/10/2016,1,10,2016,19:16,9
2,Wild_pig,5.22952,1/10/2016,1,10,2016,19:58,9
2,Wild_pig,2.98364,1/10/2017,1,10,2017,11:23:48,7
2,Wild_pig,4.02175,1/10/2017,1,10,2017,3:21:43,32
2,Wild_pig,4.502,1/10/2017,1,10,2017,5:11:47,25
2,Wild_pig,4.54716,1/10/2017,1,10,2017,5:22:08,16
2,Wild_pig,4.57764,1/10/2017,1,10,2017,5:29:07,26
2,Wild_pig,4.59487,1/10/2017,1,10,2017,5:33:04,7
2,Wild_pig,4.61051,1/10/2017,1,10,2017,5:36:39,41
2,Wild_pig,4.68977,1/10/2017,1,10,2017,5:54:49,16
2,Wild_pig,5.73857,1/10/2017,1,10,2017,9:55:11,27
2,Wild_pig,5.8606,1/10/2017,1,10,2017,10:23:09,25
2,Wild_pig,4.83936,1/11/2016,1,11,2016,18:29,10
2,Wild_pig,5.86038,1/11/2016,1,11,2016,22:23,37
2,Wild_pig,6.07556,1/11/2016,1,11,2016,23:12,47
2,Wild_pig,0.30892,1/11/2017,1,11,2017,1:10:48,8
2,Wild_pig,0.50513,1/11/2017,1,11,2017,1:55:46,46
2,Wild_pig,1.48586,1/11/2017,1,11,2017,5:40:32,46
2,Wild_pig,1.98073,1/11/2017,1,11,2017,7:33:57,6
2,Wild_pig,3.19453,1/11/2017,1,11,2017,12:12:08,16
2,Wild_pig,3.8603,1/11/2017,1,11,2017,2:44:43,5
2,Wild_pig,3.88023,1/11/2017,1,11,2017,2:49:17,16
2,Wild_pig,4.16559,1/11/2017,1,11,2017,3:54:41,7
2,Wild_pig,5.50077,1/11/2017,1,11,2017,9:00:41,6
2,Wild_pig,5.98721,1/11/2017,1,11,2017,10:52:10,6
2,Wild_pig,2.04407,1/12/2016,1,12,2016,7:48,34
2,Wild_pig,3.13134,1/12/2016,1,12,2016,11:57,34
2,Wild_pig,3.82467,1/12/2016,1,12,2016,14:36,6
2,Wild_pig,4.18232,1/12/2016,1,12,2016,15:58,8
2,Wild_pig,5.07789,1/12/2016,1,12,2016,19:23,8
2,Wild_pig,5.46564,1/12/2016,1,12,2016,20:52,1
2,Wild_pig,5.96903,1/12/2016,1,12,2016,22:48,34
2,Wild_pig,1.3991,1/12/2017,1,12,2017,5:20:39,6
2,Wild_pig,2.67784,1/12/2017,1,12,2017,10:13:43,18
2,Wild_pig,2.48491,1/13/2016,1,13,2016,9:29,13
2,Wild_pig,3.24966,1/13/2016,1,13,2016,12:24,17
2,Wild_pig,4.40012,1/13/2016,1,13,2016,16:48,31
2,Wild_pig,5.21097,1/13/2016,1,13,2016,19:54,19
2,Wild_pig,0.32332,1/13/2017,1,13,2017,1:14:06,6
2,Wild_pig,0.42964,1/13/2017,1,13,2017,1:38:28,7
2,Wild_pig,1.0688,1/13/2017,1,13,2017,4:04:57,16
2,Wild_pig,2.00836,1/13/2017,1,13,2017,7:40:17,16
2,Wild_pig,3.08523,1/13/2017,1,13,2017,11:47:05,16
2,Wild_pig,3.0976,1/13/2017,1,13,2017,11:49:55,6
2,Wild_pig,3.37838,1/13/2017,1,13,2017,12:54:16,16
2,Wild_pig,3.6793,1/13/2017,1,13,2017,2:03:14,6
2,Wild_pig,5.09156,1/13/2017,1,13,2017,7:26:54,47
2,Wild_pig,2.1485,1/14/2016,1,14,2016,8:12,39
2,Wild_pig,3.75886,1/14/2016,1,14,2016,14:21,10
2,Wild_pig,3.91652,1/14/2016,1,14,2016,14:57,4
2,Wild_pig,4.10814,1/14/2016,1,14,2016,15:41,8
2,Wild_pig,4.34856,1/14/2016,1,14,2016,16:36,31
2,Wild_pig,4.85172,1/14/2016,1,14,2016,18:31,46
2,Wild_pig,5.41459,1/14/2016,1,14,2016,20:40,38
2,Wild_pig,0.703,1/14/2017,1,14,2017,2:41:07,6
2,Wild_pig,2.21308,1/14/2017,1,14,2017,8:27:12,25
2,Wild_pig,3.50673,1/14/2017,1,14,2017,1:23:41,7
2,Wild_pig,4.28144,1/14/2017,1,14,2017,4:21:14,7
2,Wild_pig,3.75239,1/15/2016,1,15,2016,14:19,28
2,Wild_pig,4.20923,1/15/2016,1,15,2016,16:04,44
2,Wild_pig,5.41139,1/15/2016,1,15,2016,20:40,30
2,Wild_pig,0.2282,1/15/2017,1,15,2017,12:52:18,16
2,Wild_pig,1.17686,1/15/2017,1,15,2017,4:29:43,40
2,Wild_pig,3.0216,1/15/2017,1,15,2017,11:32:30,18
2,Wild_pig,3.2554,1/15/2017,1,15,2017,12:26:05,7
2,Wild_pig,4.47008,1/15/2017,1,15,2017,5:04:28,16
2,Wild_pig,4.54156,1/15/2017,1,15,2017,5:20:51,7
2,Wild_pig,4.62767,1/15/2017,1,15,2017,5:40:35,8
2,Wild_pig,4.71777,1/15/2017,1,15,2017,6:01:14,42
2,Wild_pig,4.83645,1/15/2017,1,15,2017,6:28:26,41
2,Wild_pig,3.28376,1/16/2016,1,16,2016,12:32,37
2,Wild_pig,3.59996,1/16/2016,1,16,2016,13:45,37
2,Wild_pig,3.81405,1/16/2016,1,16,2016,14:34,38
2,Wild_pig,4.18348,1/16/2016,1,16,2016,15:58,8
2,Wild_pig,4.63763,1/16/2016,1,16,2016,17:42,41
2,Wild_pig,0.76991,1/16/2017,1,16,2017,2:56:27,16
2,Wild_pig,3.35074,1/16/2017,1,16,2017,12:47:56,7
2,Wild_pig,4.92917,1/16/2017,1,16,2017,6:49:41,41
2,Wild_pig,5.60869,1/16/2017,1,16,2017,9:25:25,8
2,Wild_pig,5.63145,1/16/2017,1,16,2017,9:30:38,25
2,Wild_pig,0.35525,1/17/2016,1,17,2016,1:21,8
2,Wild_pig,2.6281,1/17/2016,1,17,2016,10:02,34
2,Wild_pig,3.00298,1/17/2016,1,17,2016,11:28,6
2,Wild_pig,4.72504,1/17/2016,1,17,2016,18:02,46
2,Wild_pig,4.79391,1/17/2016,1,17,2016,18:18,10
2,Wild_pig,5.02837,1/17/2016,1,17,2016,19:12,19
2,Wild_pig,5.11701,1/17/2016,1,17,2016,19:32,8
2,Wild_pig,5.24021,1/17/2016,1,17,2016,20:00,46
2,Wild_pig,5.45539,1/17/2016,1,17,2016,20:50,38
2,Wild_pig,1.21322,1/17/2017,1,17,2017,4:38:03,6
2,Wild_pig,1.52302,1/17/2017,1,17,2017,5:49:03,17
2,Wild_pig,1.62796,1/17/2017,1,17,2017,6:13:06,18
2,Wild_pig,4.4916,1/17/2017,1,17,2017,5:09:24,34
2,Wild_pig,4.63683,1/17/2017,1,17,2017,5:42:41,29
2,Wild_pig,1.00873,1/18/2016,1,18,2016,3:51,48
2,Wild_pig,2.43786,1/18/2016,1,18,2016,9:18,6
2,Wild_pig,3.14756,1/18/2016,1,18,2016,12:01,34
2,Wild_pig,3.52324,1/18/2016,1,18,2016,13:27,34
2,Wild_pig,0.23562,1/18/2017,1,18,2017,12:54:00,12
2,Wild_pig,3.8971,1/18/2017,1,18,2017,2:53:09,23
2,Wild_pig,4.44157,1/18/2017,1,18,2017,4:57:56,25
2,Wild_pig,4.90808,1/18/2017,1,18,2017,6:44:51,41
2,Wild_pig,0.10312,1/19/2016,1,19,2016,0:23,6
2,Wild_pig,0.94546,1/19/2016,1,19,2016,3:36,46
2,Wild_pig,2.06967,1/19/2016,1,19,2016,7:54,32
2,Wild_pig,3.18341,1/19/2016,1,19,2016,12:09,22
2,Wild_pig,3.91674,1/19/2016,1,19,2016,14:57,6
2,Wild_pig,4.71093,1/19/2016,1,19,2016,17:59,37
2,Wild_pig,4.93572,1/19/2016,1,19,2016,18:51,41
2,Wild_pig,1.91237,1/19/2017,1,19,2017,7:18:17,33
2,Wild_pig,4.63138,1/19/2017,1,19,2017,5:41:26,8
2,Wild_pig,5.74097,1/19/2017,1,19,2017,9:55:44,7
2,Wild_pig,1.3335,1/20/2016,1,20,2016,5:05,46
2,Wild_pig,3.59487,1/20/2016,1,20,2016,13:43,15
2,Wild_pig,3.7422,1/20/2016,1,20,2016,14:17,19
2,Wild_pig,4.71552,1/20/2016,1,20,2016,18:00,10
2,Wild_pig,4.76126,1/20/2016,1,20,2016,18:11,26
2,Wild_pig,5.07869,1/20/2016,1,20,2016,19:23,8
2,Wild_pig,0.23831,1/20/2017,1,20,2017,12:54:37,6
2,Wild_pig,2.30442,1/20/2017,1,20,2017,8:48:08,6
2,Wild_pig,2.91848,1/20/2017,1,20,2017,11:08:52,42
2,Wild_pig,3.07338,1/20/2017,1,20,2017,11:44:22,16
2,Wild_pig,4.03404,1/20/2017,1,20,2017,3:24:32,16
2,Wild_pig,4.44681,1/20/2017,1,20,2017,4:59:08,25
2,Wild_pig,5.79653,1/20/2017,1,20,2017,10:08:28,7
2,Wild_pig,1.33641,1/21/2016,1,21,2016,5:06,1
2,Wild_pig,1.54585,1/21/2016,1,21,2016,5:54,42
2,Wild_pig,2.15941,1/21/2016,1,21,2016,8:14,46
2,Wild_pig,2.92088,1/21/2016,1,21,2016,11:09,8
2,Wild_pig,4.61138,1/21/2016,1,21,2016,17:36,29
2,Wild_pig,4.66352,1/21/2016,1,21,2016,17:48,26
2,Wild_pig,4.75406,1/21/2016,1,21,2016,18:09,45
2,Wild_pig,4.94721,1/21/2016,1,21,2016,18:53,24
2,Wild_pig,5.63509,1/21/2016,1,21,2016,21:31,33
2,Wild_pig,5.81238,1/21/2016,1,21,2016,22:12,18
2,Wild_pig,2.45539,1/21/2017,1,21,2017,9:22:44,25
2,Wild_pig,2.62425,1/21/2017,1,21,2017,10:01:26,41
2,Wild_pig,4.05302,1/21/2017,1,21,2017,3:28:53,25
2,Wild_pig,4.19286,1/21/2017,1,21,2017,4:00:56,4
2,Wild_pig,4.23693,1/21/2017,1,21,2017,4:11:02,7
2,Wild_pig,4.37372,1/21/2017,1,21,2017,4:42:23,7
2,Wild_pig,5.60207,1/21/2017,1,21,2017,9:23:54,46
2,Wild_pig,6.24682,1/21/2017,1,21,2017,11:51:40,29
2,Wild_pig,2.39379,1/22/2016,1,22,2016,9:08,22
2,Wild_pig,4.92597,1/22/2016,1,22,2016,18:48,34
2,Wild_pig,4.95463,1/22/2016,1,22,2016,18:55,8
2,Wild_pig,5.35583,1/22/2016,1,22,2016,20:27,41
2,Wild_pig,5.4791,1/22/2016,1,22,2016,20:55,9
2,Wild_pig,5.56585,1/22/2016,1,22,2016,21:15,10
2,Wild_pig,5.60134,1/22/2016,1,22,2016,21:23,21
2,Wild_pig,5.67588,1/22/2016,1,22,2016,21:40,9
2,Wild_pig,3.21577,1/22/2017,1,22,2017,12:17:00,16
2,Wild_pig,3.56454,1/22/2017,1,22,2017,1:36:56,30
2,Wild_pig,4.62323,1/22/2017,1,22,2017,5:39:34,41
2,Wild_pig,5.11527,1/22/2017,1,22,2017,7:32:20,41
2,Wild_pig,0.08407,1/23/2016,1,23,2016,0:19,38
2,Wild_pig,1.98858,1/23/2016,1,23,2016,7:35,40
2,Wild_pig,2.66025,1/23/2016,1,23,2016,10:09,19
2,Wild_pig,4.16399,1/23/2016,1,23,2016,15:54,12
2,Wild_pig,4.70912,1/23/2016,1,23,2016,17:59,45
2,Wild_pig,4.91296,1/23/2016,1,23,2016,18:45,7
2,Wild_pig,4.94401,1/23/2016,1,23,2016,18:53,16
2,Wild_pig,5.54927,1/23/2016,1,23,2016,21:11,8
2,Wild_pig,5.75944,1/23/2016,1,23,2016,21:59,8
2,Wild_pig,0.16886,1/23/2017,1,23,2017,12:38:42,17
2,Wild_pig,0.2762,1/23/2017,1,23,2017,1:03:18,25
2,Wild_pig,1.75907,1/23/2017,1,23,2017,6:43:09,18
2,Wild_pig,1.82787,1/23/2017,1,23,2017,6:58:55,17
2,Wild_pig,2.5988,1/23/2017,1,23,2017,9:55:36,25
2,Wild_pig,3.02422,1/23/2017,1,23,2017,11:33:06,18
2,Wild_pig,3.18726,1/23/2017,1,23,2017,12:10:28,14
2,Wild_pig,3.21737,1/23/2017,1,23,2017,12:17:22,18
2,Wild_pig,3.58192,1/23/2017,1,23,2017,1:40:55,46
2,Wild_pig,3.65857,1/23/2017,1,23,2017,1:58:29,18
2,Wild_pig,3.79013,1/23/2017,1,23,2017,2:28:38,6
2,Wild_pig,4.05287,1/23/2017,1,23,2017,3:28:51,29
2,Wild_pig,4.22551,1/23/2017,1,23,2017,4:08:25,17
2,Wild_pig,4.31264,1/23/2017,1,23,2017,4:28:23,25
2,Wild_pig,4.48979,1/23/2017,1,23,2017,5:08:59,7
2,Wild_pig,4.5364,1/23/2017,1,23,2017,5:19:40,29
2,Wild_pig,4.60811,1/23/2017,1,23,2017,5:36:06,25
2,Wild_pig,4.7361,1/23/2017,1,23,2017,6:05:26,29
2,Wild_pig,5.39852,1/23/2017,1,23,2017,8:37:15,44
2,Wild_pig,4.37292,1/24/2016,1,24,2016,16:42,12
2,Wild_pig,4.4583,1/24/2016,1,24,2016,17:01,5
2,Wild_pig,4.62258,1/24/2016,1,24,2016,17:39,33
2,Wild_pig,4.80409,1/24/2016,1,24,2016,18:21,19
2,Wild_pig,4.92968,1/24/2016,1,24,2016,18:49,12
2,Wild_pig,1.62672,1/24/2017,1,24,2017,6:12:49,17
2,Wild_pig,1.73318,1/24/2017,1,24,2017,6:37:13,18
2,Wild_pig,1.99949,1/24/2017,1,24,2017,7:38:15,10
2,Wild_pig,2.69966,1/24/2017,1,24,2017,10:18:43,16
2,Wild_pig,2.90219,1/24/2017,1,24,2017,11:05:08,16
2,Wild_pig,3.0088,1/24/2017,1,24,2017,11:29:34,7
2,Wild_pig,3.28813,1/24/2017,1,24,2017,12:33:35,7
2,Wild_pig,3.5156,1/24/2017,1,24,2017,1:25:43,7
2,Wild_pig,3.74628,1/24/2017,1,24,2017,2:18:35,25
2,Wild_pig,3.98735,1/24/2017,1,24,2017,3:13:50,6
2,Wild_pig,4.32107,1/24/2017,1,24,2017,4:30:19,6
2,Wild_pig,5.24282,1/24/2017,1,24,2017,8:01:34,7
2,Wild_pig,6.03171,1/24/2017,1,24,2017,11:02:22,6
2,Wild_pig,1.22558,1/25/2016,1,25,2016,4:40,46
2,Wild_pig,3.24159,1/25/2016,1,25,2016,12:22,11
2,Wild_pig,4.41634,1/25/2016,1,25,2016,16:52,11
2,Wild_pig,4.88314,1/25/2016,1,25,2016,18:39,46
2,Wild_pig,5.96583,1/25/2016,1,25,2016,22:47,27
2,Wild_pig,0.2434,1/25/2017,1,25,2017,12:55:47,6
2,Wild_pig,4.24922,1/25/2017,1,25,2017,4:13:51,6
2,Wild_pig,4.81718,1/25/2017,1,25,2017,6:24:01,46
2,Wild_pig,4.92976,1/25/2017,1,25,2017,6:49:49,7
2,Wild_pig,3.11949,1/26/2016,1,26,2016,11:54,18
2,Wild_pig,4.77558,1/26/2016,1,26,2016,18:14,36
2,Wild_pig,6.02102,1/26/2016,1,26,2016,22:59,31
2,Wild_pig,0.33998,1/26/2017,1,26,2017,1:17:55,7
2,Wild_pig,1.49604,1/26/2017,1,26,2017,5:42:52,6
2,Wild_pig,3.70846,1/26/2017,1,26,2017,2:09:55,6
2,Wild_pig,4.48768,1/26/2017,1,26,2017,5:08:30,6
2,Wild_pig,4.57465,1/26/2017,1,26,2017,5:28:26,7
2,Wild_pig,5.05047,1/26/2017,1,26,2017,7:17:29,6
2,Wild_pig,4.3679,1/27/2016,1,27,2016,16:41,14
2,Wild_pig,5.07033,1/27/2016,1,27,2016,19:22,27
2,Wild_pig,0.01244,1/27/2017,1,27,2017,12:02:51,29
2,Wild_pig,0.51676,1/27/2017,1,27,2017,1:58:26,2
2,Wild_pig,3.61996,1/27/2017,1,27,2017,1:49:38,7
2,Wild_pig,3.76606,1/27/2017,1,27,2017,2:23:07,7
2,Wild_pig,4.99033,1/27/2017,1,27,2017,7:03:42,47
2,Wild_pig,5.21286,1/27/2017,1,27,2017,7:54:42,25
2,Wild_pig,5.92641,1/27/2017,1,27,2017,10:38:14,41
2,Wild_pig,4.55356,1/28/2016,1,28,2016,17:23,46
2,Wild_pig,4.60956,1/28/2016,1,28,2016,17:36,11
2,Wild_pig,4.76468,1/28/2016,1,28,2016,18:11,41
2,Wild_pig,4.88336,1/28/2016,1,28,2016,18:39,28
2,Wild_pig,5.64301,1/28/2016,1,28,2016,21:33,37
2,Wild_pig,3.46448,1/28/2017,1,28,2017,1:14:00,16
2,Wild_pig,5.27402,1/28/2017,1,28,2017,8:08:43,34
2,Wild_pig,5.27969,1/28/2017,1,28,2017,8:10:01,25
2,Wild_pig,1.51036,1/29/2016,1,29,2016,5:46,41
2,Wild_pig,4.23366,1/29/2016,1,29,2016,16:10,31
2,Wild_pig,5.0952,1/29/2016,1,29,2016,19:27,11
2,Wild_pig,0.90299,1/29/2017,1,29,2017,3:26:57,6
2,Wild_pig,1.18282,1/29/2017,1,29,2017,4:31:05,25
2,Wild_pig,4.99564,1/29/2017,1,29,2017,7:04:55,30
2,Wild_pig,5.05404,1/29/2017,1,29,2017,7:18:18,15
2,Wild_pig,5.1096,1/29/2017,1,29,2017,7:31:02,37
2,Wild_pig,5.80409,1/29/2017,1,29,2017,10:10:12,30
2,Wild_pig,3.57414,1/30/2016,1,30,2016,13:39,39
2,Wild_pig,0.29852,1/30/2017,1,30,2017,1:08:25,7
2,Wild_pig,3.9904,1/30/2017,1,30,2017,3:14:32,37
2,Wild_pig,1.0997,1/31/2016,1,31,2016,4:12,36
2,Wild_pig,2.84721,1/31/2016,1,31,2016,10:52,39
2,Wild_pig,3.1205,1/31/2016,1,31,2016,11:55,39
2,Wild_pig,4.36274,1/31/2016,1,31,2016,16:39,43
2,Wild_pig,4.62207,1/31/2016,1,31,2016,17:39,25
2,Wild_pig,0.50804,1/31/2017,1,31,2017,1:56:26,7
2,Wild_pig,5.73333,1/31/2017,1,31,2017,9:53:59,18
2,Wild_pig,5.83187,1/31/2017,1,31,2017,10:16:34,41
2,Wild_pig,4.64876,2/1/2016,2,1,2016,17:45,45
2,Wild_pig,0.02182,2/1/2017,2,1,2017,12:05:00,25
2,Wild_pig,0.10857,2/1/2017,2,1,2017,12:24:53,37
2,Wild_pig,4.44899,2/1/2017,2,1,2017,4:59:38,1
2,Wild_pig,4.56709,2/1/2017,2,1,2017,5:26:42,26
2,Wild_pig,5.32929,2/1/2017,2,1,2017,8:21:23,6
2,Wild_pig,5.74141,2/1/2017,2,1,2017,9:55:50,34
2,Wild_pig,0.01244,2/2/2016,2,2,2016,0:02,36
2,Wild_pig,1.7081,2/2/2017,2,2,2017,6:31:28,6
2,Wild_pig,4.8478,2/2/2017,2,2,2017,6:31:02,25
2,Wild_pig,5.97826,2/2/2017,2,2,2017,10:50:07,30
2,Wild_pig,3.1885,2/3/2016,2,3,2016,12:10,41
2,Wild_pig,5.34863,2/3/2016,2,3,2016,20:25,19
2,Wild_pig,0.99055,2/3/2017,2,3,2017,3:47:01,8
2,Wild_pig,3.19657,2/3/2017,2,3,2017,12:12:36,31
2,Wild_pig,4.85492,2/3/2017,2,3,2017,6:32:40,40
2,Wild_pig,3.30274,2/4/2016,2,4,2016,12:36,17
2,Wild_pig,1.3807,2/4/2017,2,4,2017,5:16:26,6
2,Wild_pig,4.52069,2/4/2017,2,4,2017,5:16:04,16
2,Wild_pig,5.68468,2/4/2017,2,4,2017,9:42:50,27
2,Wild_pig,6.00997,2/4/2017,2,4,2017,10:57:23,43
2,Wild_pig,6.01666,2/4/2017,2,4,2017,10:58:55,30
2,Wild_pig,3.35707,2/5/2016,2,5,2016,12:49,6
2,Wild_pig,3.779,2/5/2016,2,5,2016,14:26,31
2,Wild_pig,4.7473,2/5/2016,2,5,2016,18:08,38
2,Wild_pig,5.58389,2/5/2016,2,5,2016,21:19,25
2,Wild_pig,0.01527,2/5/2017,2,5,2017,12:03:30,18
2,Wild_pig,0.07061,2/5/2017,2,5,2017,12:16:11,7
2,Wild_pig,0.51065,2/5/2017,2,5,2017,1:57:02,6
2,Wild_pig,4.63399,2/5/2017,2,5,2017,5:42:02,25
2,Wild_pig,4.91296,2/5/2017,2,5,2017,6:45:58,25
2,Wild_pig,5.4743,2/5/2017,2,5,2017,8:54:37,29
2,Wild_pig,3.28725,2/6/2016,2,6,2016,12:33,12
2,Wild_pig,4.6268,2/6/2016,2,6,2016,17:40,46
2,Wild_pig,0.44055,2/6/2017,2,6,2017,1:40:58,41
2,Wild_pig,4.63792,2/6/2017,2,6,2017,5:42:56,38
2,Wild_pig,4.84198,2/6/2017,2,6,2017,6:29:42,46
2,Wild_pig,5.10836,2/6/2017,2,6,2017,7:30:45,28
2,Wild_pig,0.14479,2/7/2017,2,7,2017,12:33:11,6
2,Wild_pig,1.14726,2/7/2017,2,7,2017,4:22:56,7
2,Wild_pig,1.90008,2/7/2017,2,7,2017,7:15:28,11
2,Wild_pig,4.61632,2/7/2017,2,7,2017,5:37:59,34
2,Wild_pig,4.79107,2/7/2017,2,7,2017,6:18:02,34
2,Wild_pig,4.81311,2/8/2016,2,8,2016,18:23,25
2,Wild_pig,5.30667,2/8/2016,2,8,2016,20:16,46
2,Wild_pig,5.48433,2/8/2016,2,8,2016,20:56,11
2,Wild_pig,0.05447,2/8/2017,2,8,2017,12:12:29,34
2,Wild_pig,0.88968,2/8/2017,2,8,2017,3:23:54,25
2,Wild_pig,4.31358,2/8/2017,2,8,2017,4:28:36,7
2,Wild_pig,4.75108,2/8/2017,2,8,2017,6:08:52,42
2,Wild_pig,5.5332,2/8/2017,2,8,2017,9:08:07,6
2,Wild_pig,1.53793,2/9/2016,2,9,2016,5:52,8
2,Wild_pig,4.4247,2/9/2016,2,9,2016,16:54,5
2,Wild_pig,5.19475,2/9/2016,2,9,2016,19:50,7
2,Wild_pig,5.28929,2/9/2016,2,9,2016,20:12,41
2,Wild_pig,5.33482,2/9/2016,2,9,2016,20:22,6
2,Wild_pig,0.83732,2/9/2017,2,9,2017,3:11:54,8
2,Wild_pig,0.93724,2/9/2017,2,9,2017,3:34:48,6
2,Wild_pig,4.76366,2/9/2017,2,9,2017,6:11:45,16
2,Wild_pig,5.17614,2/9/2017,2,9,2017,7:46:17,6
2,Wild_pig,5.50135,2/9/2017,2,9,2017,9:00:49,10
2,Wild_pig,4.06233,2/10/2016,2,10,2016,15:31,36
2,Wild_pig,4.72861,2/10/2016,2,10,2016,18:03,42
2,Wild_pig,4.9491,2/10/2016,2,10,2016,18:54,25
2,Wild_pig,5.88183,2/10/2016,2,10,2016,22:28,34
2,Wild_pig,0.58934,2/10/2017,2,10,2017,2:15:04,14
2,Wild_pig,1.88321,2/10/2017,2,10,2017,7:11:36,24
2,Wild_pig,2.00095,2/10/2017,2,10,2017,7:38:35,15
2,Wild_pig,2.71581,2/10/2017,2,10,2017,10:22:25,5
2,Wild_pig,4.31373,2/10/2017,2,10,2017,4:28:38,39
2,Wild_pig,4.45772,2/10/2017,2,10,2017,5:01:38,26
2,Wild_pig,4.89921,2/10/2017,2,10,2017,6:42:49,4
2,Wild_pig,5.04335,2/10/2017,2,10,2017,7:15:51,25
2,Wild_pig,6.0912,2/10/2017,2,10,2017,11:16:00,41
2,Wild_pig,6.18101,2/10/2017,2,10,2017,11:36:35,6
2,Wild_pig,4.78977,2/11/2016,2,11,2016,18:17,17
2,Wild_pig,4.83623,2/11/2016,2,11,2016,18:28,41
2,Wild_pig,4.86074,2/11/2016,2,11,2016,18:34,25
2,Wild_pig,0.52869,2/11/2017,2,11,2017,2:01:10,18
2,Wild_pig,3.11898,2/11/2017,2,11,2017,11:54:49,25
2,Wild_pig,3.57029,2/11/2017,2,11,2017,1:38:15,39
2,Wild_pig,4.25999,2/11/2017,2,11,2017,4:16:19,25
2,Wild_pig,4.5804,2/11/2017,2,11,2017,5:29:45,25
2,Wild_pig,4.82794,2/11/2017,2,11,2017,6:26:29,25
2,Wild_pig,5.48964,2/11/2017,2,11,2017,8:58:08,7
2,Wild_pig,5.9563,2/11/2017,2,11,2017,10:45:05,18
2,Wild_pig,0.24915,2/12/2017,2,12,2017,12:57:06,18
2,Wild_pig,1.19591,2/12/2017,2,12,2017,4:34:05,6
2,Wild_pig,3.52906,2/12/2017,2,12,2017,1:28:48,7
2,Wild_pig,4.45117,2/12/2017,2,12,2017,5:00:08,10
2,Wild_pig,4.59894,2/12/2017,2,12,2017,5:34:00,6
2,Wild_pig,4.97317,2/12/2017,2,12,2017,6:59:46,41
2,Wild_pig,5.05716,2/12/2017,2,12,2017,7:19:01,40
2,Wild_pig,5.28377,2/12/2017,2,12,2017,8:10:57,25
2,Wild_pig,5.55749,2/12/2017,2,12,2017,9:13:41,22
2,Wild_pig,2.97702,2/13/2017,2,13,2017,11:22:17,5
2,Wild_pig,5.5988,2/13/2017,2,13,2017,9:23:09,6
2,Wild_pig,5.81515,2/13/2017,2,13,2017,10:12:44,6
2,Wild_pig,5.86358,2/13/2017,2,13,2017,10:23:50,33
2,Wild_pig,6.1344,2/13/2017,2,13,2017,11:25:54,19
2,Wild_pig,1.84627,2/14/2016,2,14,2016,7:03,17
2,Wild_pig,0.82336,2/14/2017,2,14,2017,3:08:42,1
2,Wild_pig,4.7465,2/14/2017,2,14,2017,6:07:49,31
2,Wild_pig,0.38768,2/15/2016,2,15,2016,1:28,18
2,Wild_pig,3.28486,2/15/2016,2,15,2016,12:32,39
2,Wild_pig,5.77857,2/15/2016,2,15,2016,22:04,10
2,Wild_pig,5.90641,2/15/2016,2,15,2016,22:33,16
2,Wild_pig,0.14363,2/15/2017,2,15,2017,12:32:55,25
2,Wild_pig,0.93419,2/15/2017,2,15,2017,3:34:06,7
2,Wild_pig,4.95637,2/15/2017,2,15,2017,6:55:55,41
2,Wild_pig,5.79835,2/15/2017,2,15,2017,10:08:53,7
2,Wild_pig,5.92008,2/16/2016,2,16,2016,22:36,48
2,Wild_pig,0.32376,2/16/2017,2,16,2017,1:14:12,41
2,Wild_pig,4.60556,2/16/2017,2,16,2017,5:35:31,42
2,Wild_pig,4.68097,2/16/2017,2,16,2017,5:52:48,7
2,Wild_pig,0.02109,2/17/2016,2,17,2016,0:04,6
2,Wild_pig,3.91746,2/17/2016,2,17,2016,14:57,47
2,Wild_pig,3.53916,2/17/2017,2,17,2017,1:31:07,29
2,Wild_pig,3.54491,2/17/2017,2,17,2017,1:32:26,13
2,Wild_pig,3.74664,2/17/2017,2,17,2017,2:18:40,7
2,Wild_pig,4.02517,2/17/2017,2,17,2017,3:22:30,16
2,Wild_pig,4.13694,2/17/2017,2,17,2017,3:48:07,33
2,Wild_pig,4.90925,2/17/2017,2,17,2017,6:45:07,34
2,Wild_pig,4.91296,2/17/2017,2,17,2017,6:45:58,12
2,Wild_pig,5.25715,2/17/2017,2,17,2017,8:04:51,34
2,Wild_pig,5.49524,2/18/2017,2,18,2017,8:59:25,14
2,Wild_pig,1.45095,2/19/2016,2,19,2016,5:32,25
2,Wild_pig,1.99702,2/19/2016,2,19,2016,7:37,35
2,Wild_pig,4.62207,2/19/2016,2,19,2016,17:39,30
2,Wild_pig,5.94583,2/19/2016,2,19,2016,22:42,46
2,Wild_pig,2.50207,2/19/2017,2,19,2017,9:33:26,25
2,Wild_pig,4.40928,2/19/2017,2,19,2017,4:50:32,34
2,Wild_pig,4.72344,2/19/2017,2,19,2017,6:02:32,25
2,Wild_pig,5.00037,2/19/2017,2,19,2017,7:06:00,41
2,Wild_pig,0.71857,2/20/2017,2,20,2017,2:44:41,28
2,Wild_pig,1.98655,2/20/2017,2,20,2017,7:35:17,6
2,Wild_pig,3.39714,2/20/2017,2,20,2017,12:58:34,34
2,Wild_pig,4.9043,2/20/2017,2,20,2017,6:43:59,42
2,Wild_pig,1.62221,2/21/2016,2,21,2016,6:11,31
2,Wild_pig,4.78875,2/21/2016,2,21,2016,18:17,37
2,Wild_pig,5.3362,2/21/2016,2,21,2016,20:22,7
2,Wild_pig,5.70817,2/21/2016,2,21,2016,21:48,11
2,Wild_pig,2.02429,2/21/2017,2,21,2017,7:43:56,36
2,Wild_pig,4.85296,2/21/2017,2,21,2017,6:32:13,10
2,Wild_pig,6.23744,2/21/2017,2,21,2017,11:49:31,5
2,Wild_pig,3.81478,2/22/2016,2,22,2016,14:34,7
2,Wild_pig,4.6633,2/22/2016,2,22,2016,17:48,31
2,Wild_pig,4.96997,2/22/2016,2,22,2016,18:59,8
2,Wild_pig,5.07694,2/22/2016,2,22,2016,19:23,31
2,Wild_pig,5.69588,2/22/2016,2,22,2016,21:45,27
2,Wild_pig,2.87739,2/22/2017,2,22,2017,10:59:27,30
2,Wild_pig,3.56185,2/22/2017,2,22,2017,1:36:19,25
2,Wild_pig,3.85456,2/22/2017,2,22,2017,2:43:24,43
2,Wild_pig,3.86947,2/22/2017,2,22,2017,2:46:49,7
2,Wild_pig,3.96401,2/22/2017,2,22,2017,3:08:29,16
2,Wild_pig,4.01746,2/22/2017,2,22,2017,3:20:44,19
2,Wild_pig,4.32085,2/22/2017,2,22,2017,4:30:16,22
2,Wild_pig,4.49386,2/22/2017,2,22,2017,5:09:55,11
2,Wild_pig,4.62396,2/22/2017,2,22,2017,5:39:44,12
2,Wild_pig,1.51982,2/23/2016,2,23,2016,5:48,13
2,Wild_pig,4.3506,2/23/2016,2,23,2016,16:37,34
2,Wild_pig,4.70323,2/23/2016,2,23,2016,17:57,11
2,Wild_pig,4.84394,2/23/2016,2,23,2016,18:30,6
2,Wild_pig,4.87085,2/23/2016,2,23,2016,18:36,2
2,Wild_pig,1.52047,2/23/2017,2,23,2017,5:48:28,6
2,Wild_pig,4.07178,2/23/2017,2,23,2017,3:33:11,22
2,Wild_pig,4.28711,2/23/2017,2,23,2017,4:22:32,13
2,Wild_pig,4.31045,2/23/2017,2,23,2017,4:27:53,9
2,Wild_pig,4.68257,2/23/2017,2,23,2017,5:53:10,9
2,Wild_pig,0.68548,2/24/2016,2,24,2016,2:37,13
2,Wild_pig,0.95855,2/24/2016,2,24,2016,3:39,45
2,Wild_pig,0.48266,2/24/2017,2,24,2017,1:50:37,6
2,Wild_pig,4.68032,2/24/2017,2,24,2017,5:52:39,25
2,Wild_pig,0.72126,2/25/2016,2,25,2016,2:45,38
2,Wild_pig,0.90866,2/25/2016,2,25,2016,3:28,20
2,Wild_pig,2.24718,2/25/2016,2,25,2016,8:35,6
2,Wild_pig,5.78758,2/25/2017,2,25,2017,10:06:25,9
2,Wild_pig,6.1128,2/25/2017,2,25,2017,11:20:57,9
2,Wild_pig,1.66664,2/26/2016,2,26,2016,6:21,20
2,Wild_pig,2.29431,2/26/2016,2,26,2016,8:45,43
2,Wild_pig,5.09142,2/26/2016,2,26,2016,19:26,25
2,Wild_pig,5.50411,2/26/2016,2,26,2016,21:01,20
2,Wild_pig,5.69108,2/26/2016,2,26,2016,21:44,25
2,Wild_pig,5.72272,2/26/2016,2,26,2016,21:51,42
2,Wild_pig,3.93157,2/26/2017,2,26,2017,3:01:03,9
2,Wild_pig,4.58287,2/26/2017,2,26,2017,5:30:19,9
2,Wild_pig,4.87129,2/26/2017,2,26,2017,6:36:25,44
2,Wild_pig,0.37997,2/27/2016,2,27,2016,1:27,8
2,Wild_pig,0.92233,2/27/2016,2,27,2016,3:31,26
2,Wild_pig,4.85667,2/27/2016,2,27,2016,18:33,17
2,Wild_pig,4.91499,2/27/2016,2,27,2016,18:46,26
2,Wild_pig,1.81136,2/27/2017,2,27,2017,6:55:08,11
2,Wild_pig,3.88765,2/27/2017,2,27,2017,2:50:59,34
2,Wild_pig,4.71392,2/27/2017,2,27,2017,6:00:21,25
2,Wild_pig,4.83493,2/28/2016,2,28,2016,18:28,12
2,Wild_pig,5.60018,2/28/2016,2,28,2016,21:23,38
2,Wild_pig,0.90801,2/28/2017,2,28,2017,3:28:06,25
2,Wild_pig,2.08618,2/28/2017,2,28,2017,7:58:07,6
2,Wild_pig,5.6297,2/28/2017,2,28,2017,9:30:14,25
2,Wild_pig,5.39081,2/29/2016,2,29,2016,20:35,38
2,Wild_pig,0.21235,3/1/2015,3,1,2015,13,
2,Wild_pig,1.81172,3/1/2015,3,1,2015,43,
2,Wild_pig,1.9219,3/1/2015,3,1,2015,26,
2,Wild_pig,1.96124,3/1/2015,3,1,2015,35,
2,Wild_pig,2.50666,3/1/2015,3,1,2015,6,
2,Wild_pig,4.81478,3/1/2015,3,1,2015,11,
2,Wild_pig,4.84707,3/1/2015,3,1,2015,34,
2,Wild_pig,4.86561,3/1/2015,3,1,2015,8,
2,Wild_pig,4.9019,3/1/2015,3,1,2015,42,
2,Wild_pig,5.03222,3/1/2015,3,1,2015,8,
2,Wild_pig,6.10087,3/1/2015,3,1,2015,19,
2,Wild_pig,0.51276,3/1/2016,3,1,2016,11,
2,Wild_pig,2.6057,3/2/2015,3,2,2015,11,
2,Wild_pig,3.18414,3/2/2015,3,2,2015,34,
2,Wild_pig,3.91034,3/2/2015,3,2,2015,26,
2,Wild_pig,4.15657,3/2/2015,3,2,2015,5,
2,Wild_pig,4.51531,3/2/2015,3,2,2015,8,
2,Wild_pig,4.6953,3/2/2015,3,2,2015,13,
2,Wild_pig,4.72948,3/2/2015,3,2,2015,46,
2,Wild_pig,4.86605,3/2/2015,3,2,2015,30,
2,Wild_pig,0.07134,3/2/2016,3,2,2016,41,
2,Wild_pig,1.06254,3/3/2015,3,3,2015,19,
2,Wild_pig,1.46768,3/3/2015,3,3,2015,46,
2,Wild_pig,1.85878,3/3/2015,3,3,2015,29,
2,Wild_pig,3.2229,3/3/2015,3,3,2015,11,
2,Wild_pig,4.27271,3/3/2015,3,3,2015,34,
2,Wild_pig,4.3058,3/3/2015,3,3,2015,43,
2,Wild_pig,4.61181,3/3/2015,3,3,2015,30,
2,Wild_pig,4.8358,3/3/2015,3,3,2015,37,
2,Wild_pig,4.89063,3/3/2015,3,3,2015,19,
2,Wild_pig,4.92074,3/3/2015,3,3,2015,26,
2,Wild_pig,5.18174,3/3/2015,3,3,2015,44,
2,Wild_pig,5.94408,3/3/2015,3,3,2015,6,
2,Wild_pig,4.54193,3/3/2016,3,3,2016,41,
2,Wild_pig,4.91339,3/3/2016,3,3,2016,42,
2,Wild_pig,4.97921,3/3/2016,3,3,2016,13,
2,Wild_pig,5.25184,3/3/2016,3,3,2016,9,
2,Wild_pig,0.41801,3/4/2015,3,4,2015,46,
2,Wild_pig,1.24267,3/4/2015,3,4,2015,37,
2,Wild_pig,2.46484,3/4/2015,3,4,2015,10,
2,Wild_pig,3.80504,3/4/2015,3,4,2015,15,
2,Wild_pig,4.80671,3/4/2015,3,4,2015,15,
2,Wild_pig,4.82802,3/4/2015,3,4,2015,1,
2,Wild_pig,4.84133,3/4/2015,3,4,2015,27,
2,Wild_pig,4.90118,3/4/2015,3,4,2015,46,
2,Wild_pig,5.07389,3/4/2015,3,4,2015,20,
2,Wild_pig,5.29373,3/4/2015,3,4,2015,25,
2,Wild_pig,5.42739,3/4/2015,3,4,2015,25,
2,Wild_pig,6.19977,3/4/2015,3,4,2015,6,
2,Wild_pig,6.24682,3/4/2015,3,4,2015,18,
2,Wild_pig,1.37794,3/4/2016,3,4,2016,15,
2,Wild_pig,5.2565,3/4/2016,3,4,2016,25,
2,Wild_pig,1.36296,3/5/2015,3,5,2015,11,
2,Wild_pig,4.80526,3/5/2015,3,5,2015,19,
2,Wild_pig,4.82394,3/5/2015,3,5,2015,36,
2,Wild_pig,4.93019,3/5/2015,3,5,2015,8,
2,Wild_pig,5.32442,3/5/2015,3,5,2015,29,
2,Wild_pig,5.99462,3/5/2015,3,5,2015,44,
2,Wild_pig,0.14392,3/5/2016,3,5,2016,43,
2,Wild_pig,1.46899,3/5/2016,3,5,2016,2,
2,Wild_pig,2.58607,3/5/2016,3,5,2016,8,
2,Wild_pig,6.0187,3/5/2016,3,5,2016,30,
2,Wild_pig,1.01811,3/6/2015,3,6,2015,25,
2,Wild_pig,5.31104,3/6/2015,3,6,2015,8,
2,Wild_pig,5.97135,3/6/2015,3,6,2015,44,
2,Wild_pig,6.2253,3/6/2015,3,6,2015,30,
2,Wild_pig,5.03091,3/6/2016,3,6,2016,37,
2,Wild_pig,5.85703,3/6/2016,3,6,2016,27,
2,Wild_pig,1.81398,3/7/2015,3,7,2015,7,
2,Wild_pig,1.8254,3/7/2015,3,7,2015,33,
2,Wild_pig,4.65683,3/7/2015,3,7,2015,8,
2,Wild_pig,4.91427,3/7/2015,3,7,2015,26,
2,Wild_pig,5.22806,3/7/2015,3,7,2015,41,
2,Wild_pig,5.68686,3/7/2015,3,7,2015,31,
2,Wild_pig,4.71661,3/7/2016,3,7,2016,26,
2,Wild_pig,0.64294,3/8/2015,3,8,2015,6,
2,Wild_pig,0.88663,3/8/2015,3,8,2015,6,
2,Wild_pig,4.42877,3/8/2015,3,8,2015,8,
2,Wild_pig,4.75573,3/8/2015,3,8,2015,12,
2,Wild_pig,5.00095,3/8/2015,3,8,2015,42,
2,Wild_pig,5.18763,3/8/2015,3,8,2015,5,
2,Wild_pig,5.71094,3/8/2015,3,8,2015,14,
2,Wild_pig,4.04625,3/8/2016,3,8,2016,31,
2,Wild_pig,0.57378,3/9/2015,3,9,2015,2,
2,Wild_pig,1.58527,3/9/2015,3,9,2015,20,
2,Wild_pig,4.82569,3/9/2015,3,9,2015,31,
2,Wild_pig,5.09462,3/9/2015,3,9,2015,21,
2,Wild_pig,5.28755,3/9/2015,3,9,2015,37,
2,Wild_pig,5.4687,3/9/2015,3,9,2015,19,
2,Wild_pig,4.48346,3/9/2016,3,9,2016,43,
2,Wild_pig,4.86307,3/9/2016,3,9,2016,44,
2,Wild_pig,0.37343,3/10/2015,3,10,2015,21,
2,Wild_pig,0.50113,3/10/2015,3,10,2015,42,
2,Wild_pig,1.08218,3/10/2015,3,10,2015,41,
2,Wild_pig,1.26507,3/10/2015,3,10,2015,8,
2,Wild_pig,3.23977,3/10/2015,3,10,2015,43,
2,Wild_pig,4.79653,3/10/2015,3,10,2015,23,
2,Wild_pig,5.20297,3/10/2015,3,10,2015,29,
2,Wild_pig,5.22581,3/10/2015,3,10,2015,8,
2,Wild_pig,6.05426,3/10/2015,3,10,2015,8,
2,Wild_pig,6.20421,3/10/2015,3,10,2015,41,
2,Wild_pig,0.80511,3/10/2016,3,10,2016,25,
2,Wild_pig,1.62083,3/10/2016,3,10,2016,34,
2,Wild_pig,2.78838,3/10/2016,3,10,2016,6,
2,Wild_pig,4.00248,3/10/2016,3,10,2016,12,
2,Wild_pig,4.09069,3/10/2016,3,10,2016,6,
2,Wild_pig,1.98742,3/11/2015,3,11,2015,17,
2,Wild_pig,4.48804,3/11/2015,3,11,2015,33,
2,Wild_pig,4.77318,3/11/2015,3,11,2015,12,
2,Wild_pig,4.85085,3/11/2015,3,11,2015,8,
2,Wild_pig,6.08189,3/11/2015,3,11,2015,23,
2,Wild_pig,1.53124,3/11/2016,3,11,2016,13,
2,Wild_pig,4.51262,3/11/2016,3,11,2016,26,
2,Wild_pig,4.52375,3/11/2016,3,11,2016,12,
2,Wild_pig,4.78562,3/11/2016,3,11,2016,26,
2,Wild_pig,2.03105,3/12/2015,3,12,2015,20,
2,Wild_pig,4.35423,3/12/2015,3,12,2015,36,
2,Wild_pig,4.74126,3/12/2015,3,12,2015,36,
2,Wild_pig,4.87289,3/12/2015,3,12,2015,2,
2,Wild_pig,4.98299,3/12/2015,3,12,2015,17,
2,Wild_pig,5.06065,3/12/2015,3,12,2015,30,
2,Wild_pig,4.30078,3/12/2016,3,12,2016,2,
2,Wild_pig,4.54011,3/12/2016,3,12,2016,33,
2,Wild_pig,1.43022,3/13/2015,3,13,2015,8,
2,Wild_pig,4.92306,3/13/2015,3,13,2015,13,
2,Wild_pig,5.87711,3/13/2015,3,13,2015,46,
2,Wild_pig,6.27839,3/13/2015,3,13,2015,37,
2,Wild_pig,4.61334,3/13/2016,3,13,2016,16,
2,Wild_pig,4.99251,3/13/2016,3,13,2016,41,
2,Wild_pig,0.54622,3/14/2015,3,14,2015,32,
2,Wild_pig,1.51073,3/14/2015,3,14,2015,36,
2,Wild_pig,5.23882,3/14/2015,3,14,2015,2,
2,Wild_pig,5.25533,3/14/2015,3,14,2015,41,
2,Wild_pig,5.2762,3/14/2015,3,14,2015,15,
2,Wild_pig,5.61763,3/14/2015,3,14,2015,8,
2,Wild_pig,6.09774,3/14/2015,3,14,2015,43,
2,Wild_pig,3.69501,3/14/2016,3,14,2016,46,
2,Wild_pig,4.68097,3/14/2016,3,14,2016,25,
2,Wild_pig,4.91841,3/14/2016,3,14,2016,26,
2,Wild_pig,5.6649,3/14/2016,3,14,2016,27,
2,Wild_pig,0.65443,3/15/2015,3,15,2015,19,
2,Wild_pig,1.13083,3/15/2015,3,15,2015,8,
2,Wild_pig,1.68082,3/15/2015,3,15,2015,10,
2,Wild_pig,1.79813,3/15/2015,3,15,2015,16,
2,Wild_pig,2.23489,3/15/2015,3,15,2015,30,
2,Wild_pig,2.43517,3/15/2015,3,15,2015,31,
2,Wild_pig,4.66112,3/15/2015,3,15,2015,28,
2,Wild_pig,4.78453,3/15/2015,3,15,2015,29,
2,Wild_pig,5.55095,3/15/2015,3,15,2015,8,
2,Wild_pig,0.23831,3/16/2015,3,16,2015,14,
2,Wild_pig,0.58003,3/16/2015,3,16,2015,33,
2,Wild_pig,0.78802,3/16/2015,3,16,2015,29,
2,Wild_pig,5.2405,3/16/2015,3,16,2015,22,
2,Wild_pig,5.88045,3/16/2015,3,16,2015,6,
2,Wild_pig,2.99964,3/16/2016,3,16,2016,18,
2,Wild_pig,3.62549,3/16/2016,3,16,2016,23,
2,Wild_pig,5.65443,3/16/2016,3,16,2016,8,
2,Wild_pig,0.02494,3/17/2015,3,17,2015,5,
2,Wild_pig,0.51342,3/17/2015,3,17,2015,19,
2,Wild_pig,1.31343,3/17/2015,3,17,2015,12,
2,Wild_pig,4.8366,3/17/2015,3,17,2015,36,
2,Wild_pig,5.19337,3/17/2015,3,17,2015,22,
2,Wild_pig,5.25919,3/17/2015,3,17,2015,26,
2,Wild_pig,0.80467,3/17/2016,3,17,2016,44,
2,Wild_pig,4.80242,3/17/2016,3,17,2016,23,
2,Wild_pig,4.98946,3/18/2015,3,18,2015,46,
2,Wild_pig,5.18792,3/18/2015,3,18,2015,42,
2,Wild_pig,5.60978,3/18/2015,3,18,2015,12,
2,Wild_pig,2.57865,3/18/2016,3,18,2016,23,
2,Wild_pig,4.82191,3/18/2016,3,18,2016,18,
2,Wild_pig,5.08291,3/18/2016,3,18,2016,28,
2,Wild_pig,0.87776,3/19/2015,3,19,2015,32,
2,Wild_pig,0.92757,3/19/2015,3,19,2015,27,
2,Wild_pig,1.43692,3/19/2015,3,19,2015,12,
2,Wild_pig,1.58505,3/19/2015,3,19,2015,48,
2,Wild_pig,5.02538,3/19/2015,3,19,2015,14,
2,Wild_pig,0.13606,3/19/2016,3,19,2016,23,
2,Wild_pig,0.44644,3/19/2016,3,19,2016,21,
2,Wild_pig,4.88409,3/19/2016,3,19,2016,34,
2,Wild_pig,5.03891,3/19/2016,3,19,2016,17,
2,Wild_pig,0.49226,3/20/2015,3,20,2015,32,
2,Wild_pig,1.1645,3/20/2015,3,20,2015,6,
2,Wild_pig,1.24471,3/20/2015,3,20,2015,27,
2,Wild_pig,1.51182,3/20/2015,3,20,2015,3,
2,Wild_pig,1.67493,3/20/2015,3,20,2015,48,
2,Wild_pig,3.83689,3/20/2015,3,20,2015,20,
2,Wild_pig,4.73042,3/20/2015,3,20,2015,31,
2,Wild_pig,5.06444,3/20/2015,3,20,2015,5,
2,Wild_pig,5.43765,3/20/2015,3,20,2015,8,
2,Wild_pig,6.08335,3/20/2015,3,20,2015,6,
2,Wild_pig,1.31052,3/20/2016,3,20,2016,37,
2,Wild_pig,1.41277,3/20/2016,3,20,2016,25,
2,Wild_pig,4.84329,3/20/2016,3,20,2016,23,
2,Wild_pig,5.35394,3/20/2016,3,20,2016,46,
2,Wild_pig,1.21169,12/21/2015,12,21,2015,4:37,11
2,Wild_pig,3.45241,12/21/2015,12,21,2015,13:11,17
2,Wild_pig,0.07687,12/21/2016,12,21,2016,12:17:37,46
2,Wild_pig,0.87841,12/21/2016,12,21,2016,3:21:19,16
2,Wild_pig,3.08138,12/21/2016,12,21,2016,11:46:12,7
2,Wild_pig,4.03527,12/21/2016,12,21,2016,3:24:49,17
2,Wild_pig,4.12625,12/21/2016,12,21,2016,3:45:40,18
2,Wild_pig,4.19592,12/21/2016,12,21,2016,4:01:38,6
2,Wild_pig,4.46324,12/21/2016,12,21,2016,5:02:54,46
2,Wild_pig,4.51328,12/21/2016,12,21,2016,5:14:22,6
2,Wild_pig,5.43874,12/21/2016,12,21,2016,8:46:28,14
2,Wild_pig,5.71181,12/21/2016,12,21,2016,9:49:03,44
2,Wild_pig,5.84322,12/21/2016,12,21,2016,10:19:10,25
2,Wild_pig,5.37445,12/22/2015,12,22,2015,20:31,30
2,Wild_pig,0.07439,12/22/2016,12,22,2016,12:17:03,45
2,Wild_pig,0.48397,12/22/2016,12,22,2016,1:50:55,45
2,Wild_pig,0.98342,12/22/2016,12,22,2016,3:45:23,6
2,Wild_pig,2.93368,12/22/2016,12,22,2016,11:12:21,18
2,Wild_pig,3.14661,12/22/2016,12,22,2016,12:01:09,8
2,Wild_pig,3.77973,12/22/2016,12,22,2016,2:26:15,44
2,Wild_pig,4.01157,12/22/2016,12,22,2016,3:19:23,46
2,Wild_pig,4.71995,12/22/2016,12,22,2016,6:01:44,6
2,Wild_pig,2.57102,12/23/2015,12,23,2015,9:49,6
2,Wild_pig,3.10974,12/23/2015,12,23,2015,11:52,6
2,Wild_pig,3.14217,12/23/2015,12,23,2015,12:00,31
2,Wild_pig,3.27438,12/23/2015,12,23,2015,12:30,31
2,Wild_pig,3.27758,12/23/2015,12,23,2015,12:31,9
2,Wild_pig,3.63501,12/23/2015,12,23,2015,13:53,31
2,Wild_pig,4.02764,12/23/2015,12,23,2015,15:23,31
2,Wild_pig,4.5804,12/23/2015,12,23,2015,17:29,11
2,Wild_pig,0.29722,12/23/2016,12,23,2016,1:08:07,6
2,Wild_pig,0.44346,12/23/2016,12,23,2016,1:41:38,42
2,Wild_pig,2.82838,12/23/2016,12,23,2016,10:48:13,16
2,Wild_pig,3.01317,12/23/2016,12,23,2016,11:30:34,25
2,Wild_pig,3.95695,12/23/2016,12,23,2016,3:06:52,16
2,Wild_pig,4.14392,12/23/2016,12,23,2016,3:49:43,34
2,Wild_pig,4.56484,12/23/2016,12,23,2016,5:26:11,16
2,Wild_pig,4.58382,12/23/2016,12,23,2016,5:30:32,41
2,Wild_pig,4.77602,12/23/2016,12,23,2016,6:14:35,46
2,Wild_pig,4.82045,12/23/2016,12,23,2016,6:24:46,8
2,Wild_pig,5.66018,12/23/2016,12,23,2016,9:37:13,37
2,Wild_pig,0.07214,12/24/2015,12,24,2015,0:16,25
2,Wild_pig,4.23955,12/24/2015,12,24,2015,16:11,6
2,Wild_pig,4.60672,12/24/2015,12,24,2015,17:35,26
2,Wild_pig,4.63181,12/24/2015,12,24,2015,17:41,6
2,Wild_pig,4.92539,12/24/2015,12,24,2015,18:48,6
2,Wild_pig,5.06087,12/24/2015,12,24,2015,19:19,21
2,Wild_pig,5.88234,12/24/2015,12,24,2015,22:28,7
2,Wild_pig,2.73224,12/24/2016,12,24,2016,10:26:11,16
2,Wild_pig,3.38594,12/24/2016,12,24,2016,12:56:00,17
2,Wild_pig,3.63785,12/24/2016,12,24,2016,1:53:44,16
2,Wild_pig,3.77813,12/24/2016,12,24,2016,2:25:53,18
2,Wild_pig,3.88925,12/24/2016,12,24,2016,2:51:21,17
2,Wild_pig,3.9363,12/24/2016,12,24,2016,3:02:08,18
2,Wild_pig,4.04015,12/24/2016,12,24,2016,3:25:56,42
2,Wild_pig,4.12123,12/24/2016,12,24,2016,3:44:31,26
2,Wild_pig,4.15723,12/24/2016,12,24,2016,3:52:46,17
2,Wild_pig,4.34718,12/24/2016,12,24,2016,4:36:18,26
2,Wild_pig,4.4007,12/24/2016,12,24,2016,4:48:34,18
2,Wild_pig,4.51997,12/24/2016,12,24,2016,5:15:54,45
2,Wild_pig,5.11636,12/24/2016,12,24,2016,7:32:35,44
2,Wild_pig,2.47989,12/25/2015,12,25,2015,9:28,31
2,Wild_pig,2.57007,12/25/2015,12,25,2015,9:49,10
2,Wild_pig,3.06873,12/25/2015,12,25,2015,11:43,6
2,Wild_pig,3.48928,12/25/2015,12,25,2015,13:19,32
2,Wild_pig,3.5676,12/25/2015,12,25,2015,13:37,19
2,Wild_pig,0.25918,12/25/2016,12,25,2016,12:59:24,44
2,Wild_pig,0.3911,12/25/2016,12,25,2016,1:29:38,44
2,Wild_pig,0.54527,12/25/2016,12,25,2016,2:04:58,44
2,Wild_pig,0.69566,12/25/2016,12,25,2016,2:39:26,44
2,Wild_pig,0.86968,12/25/2016,12,25,2016,3:19:19,44
2,Wild_pig,1.11912,12/25/2016,12,25,2016,4:16:29,44
2,Wild_pig,1.28551,12/25/2016,12,25,2016,4:54:37,44
2,Wild_pig,1.81943,12/25/2016,12,25,2016,6:56:59,44
2,Wild_pig,3.57363,12/25/2016,12,25,2016,1:39:01,44
2,Wild_pig,3.70722,12/25/2016,12,25,2016,2:09:38,26
2,Wild_pig,3.95593,12/25/2016,12,25,2016,3:06:38,25
2,Wild_pig,4.1176,12/25/2016,12,25,2016,3:43:41,37
2,Wild_pig,4.19519,12/25/2016,12,25,2016,4:01:28,29
2,Wild_pig,4.30464,12/25/2016,12,25,2016,4:26:33,46
2,Wild_pig,4.47604,12/25/2016,12,25,2016,5:05:50,46
2,Wild_pig,4.75544,12/25/2016,12,25,2016,6:09:52,29
2,Wild_pig,4.87121,12/25/2016,12,25,2016,6:36:24,37
2,Wild_pig,4.91267,12/25/2016,12,25,2016,6:45:54,47
2,Wild_pig,5.69348,12/25/2016,12,25,2016,9:44:51,47
2,Wild_pig,2.96161,12/26/2015,12,26,2015,11:18,11
2,Wild_pig,3.94604,12/26/2015,12,26,2015,15:04,6
2,Wild_pig,4.48506,12/26/2015,12,26,2015,17:07,31
2,Wild_pig,4.49473,12/26/2015,12,26,2015,17:10,46
2,Wild_pig,4.9523,12/26/2015,12,26,2015,18:54,31
2,Wild_pig,1.70773,12/26/2016,12,26,2016,6:31:23,6
2,Wild_pig,2.16246,12/26/2016,12,26,2016,8:15:36,25
2,Wild_pig,3.01055,12/26/2016,12,26,2016,11:29:58,18
2,Wild_pig,4.09469,12/26/2016,12,26,2016,3:38:26,7
2,Wild_pig,4.19243,12/26/2016,12,26,2016,4:00:50,6
2,Wild_pig,4.24304,12/26/2016,12,26,2016,4:12:26,7
2,Wild_pig,5.18341,12/26/2016,12,26,2016,7:47:57,7
2,Wild_pig,1.10967,12/27/2015,12,27,2015,4:14,10
2,Wild_pig,1.13781,12/27/2015,12,27,2015,4:20,9
2,Wild_pig,2.6377,12/27/2015,12,27,2015,10:04,6
2,Wild_pig,3.00597,12/27/2015,12,27,2015,11:28,44
2,Wild_pig,3.93026,12/27/2015,12,27,2015,15:00,44
2,Wild_pig,4.39605,12/27/2015,12,27,2015,16:47,27
2,Wild_pig,4.49451,12/27/2015,12,27,2015,17:10,44
2,Wild_pig,0.26725,12/27/2016,12,27,2016,1:01:15,37
2,Wild_pig,3.20028,12/27/2016,12,27,2016,12:13:27,25
2,Wild_pig,3.32143,12/27/2016,12,27,2016,12:41:13,16
2,Wild_pig,3.5596,12/27/2016,12,27,2016,1:35:48,7
2,Wild_pig,3.87121,12/27/2016,12,27,2016,2:47:13,7
2,Wild_pig,4.61,12/27/2016,12,27,2016,5:36:32,28
2,Wild_pig,4.84554,12/27/2016,12,27,2016,6:30:31,18
2,Wild_pig,5.42565,12/27/2016,12,27,2016,8:43:28,17
2,Wild_pig,5.47168,12/27/2016,12,27,2016,8:54:01,28
2,Wild_pig,5.72388,12/27/2016,12,27,2016,9:51:49,19
2,Wild_pig,2.50542,12/28/2015,12,28,2015,9:34,6
2,Wild_pig,3.93768,12/28/2015,12,28,2015,15:02,31
2,Wild_pig,4.34965,12/28/2015,12,28,2015,16:36,11
2,Wild_pig,1.06138,12/28/2016,12,28,2016,4:03:15,7
2,Wild_pig,2.46753,12/28/2016,12,28,2016,9:25:31,6
2,Wild_pig,2.75973,12/28/2016,12,28,2016,10:32:29,6
2,Wild_pig,3.17279,12/28/2016,12,28,2016,12:07:09,7
2,Wild_pig,4.14501,12/28/2016,12,28,2016,3:49:58,7
2,Wild_pig,4.20363,12/28/2016,12,28,2016,4:03:24,44
2,Wild_pig,4.40768,12/28/2016,12,28,2016,4:50:10,29
2,Wild_pig,4.73362,12/28/2016,12,28,2016,6:04:52,29
2,Wild_pig,6.12327,12/28/2016,12,28,2016,11:23:21,45
2,Wild_pig,3.14159,12/29/2015,12,29,2015,12:00,6
2,Wild_pig,3.69755,12/29/2015,12,29,2015,14:07,10
2,Wild_pig,2.31649,12/29/2016,12,29,2016,8:50:54,16
2,Wild_pig,3.18973,12/29/2016,12,29,2016,12:11:02,7
2,Wild_pig,3.6737,12/29/2016,12,29,2016,2:01:57,16
2,Wild_pig,3.86503,12/29/2016,12,29,2016,2:45:48,30
2,Wild_pig,4.3735,12/29/2016,12,29,2016,4:42:20,30
2,Wild_pig,4.56564,12/29/2016,12,29,2016,5:26:22,7
2,Wild_pig,4.61261,12/29/2016,12,29,2016,5:37:08,16
2,Wild_pig,5.64061,12/29/2016,12,29,2016,9:32:44,25
2,Wild_pig,6.24181,12/29/2016,12,29,2016,11:50:31,25
2,Wild_pig,2.17832,12/30/2015,12,30,2015,8:19,44
2,Wild_pig,3.35794,12/30/2015,12,30,2015,12:49,11
2,Wild_pig,4.08523,12/30/2015,12,30,2015,15:36,36
2,Wild_pig,4.13927,12/30/2015,12,30,2015,15:48,6
2,Wild_pig,0.3799,12/30/2016,12,30,2016,1:27:04,7
2,Wild_pig,1.84925,12/30/2016,12,30,2016,7:03:49,7
2,Wild_pig,2.56149,12/30/2016,12,30,2016,9:47:03,7
2,Wild_pig,2.80256,12/30/2016,12,30,2016,10:42:18,16
2,Wild_pig,3.90416,12/30/2016,12,30,2016,2:54:46,6
2,Wild_pig,4.20443,12/30/2016,12,30,2016,4:03:35,12
2,Wild_pig,4.25039,12/30/2016,12,30,2016,4:14:07,16
2,Wild_pig,4.32165,12/30/2016,12,30,2016,4:30:27,7
2,Wild_pig,5.06473,12/30/2016,12,30,2016,7:20:45,25
2,Wild_pig,2.92459,12/31/2015,12,31,2015,11:10,6
2,Wild_pig,3.58651,12/31/2015,12,31,2015,13:41,6
2,Wild_pig,4.46412,12/31/2015,12,31,2015,17:03,6
2,Wild_pig,4.65639,12/31/2015,12,31,2015,17:47,10
2,Wild_pig,0.08239,12/31/2016,12,31,2016,12:18:53,7
2,Wild_pig,0.4868,12/31/2016,12,31,2016,1:51:34,18
2,Wild_pig,1.57363,12/31/2016,12,31,2016,6:00:39,6
2,Wild_pig,2.02269,12/31/2016,12,31,2016,7:43:34,7
2,Wild_pig,2.35329,12/31/2016,12,31,2016,8:59:20,25
2,Wild_pig,3.01753,12/31/2016,12,31,2016,11:31:34,30
2,Wild_pig,3.55604,12/31/2016,12,31,2016,1:34:59,17
2,Wild_pig,3.68388,12/31/2016,12,31,2016,2:04:17,26
2,Wild_pig,3.83085,12/31/2016,12,31,2016,2:37:58,25
2,Wild_pig,4.31671,12/31/2016,12,31,2016,4:29:19,17
2,Wild_pig,4.60767,12/31/2016,12,31,2016,5:36:00,46
2,Wild_pig,4.80795,12/31/2016,12,31,2016,6:21:54,47
2,Wild_pig,4.87703,12/31/2016,12,31,2016,6:37:44,46
2,Wild_pig,4.95194,12/31/2016,12,31,2016,6:54:54,47
2,Wild_pig,5.00779,12/31/2016,12,31,2016,7:07:42,41
