Zone,Species,timeRad,ImageDate,LocationName
1,Wild_pig,0.02443,12/01/2015,16
1,Wild_pig,0.1493,12/01/2015,26
1,Wild_pig,0.17526,12/01/2015,39
1,Wild_pig,0.22166,12/01/2015,34
1,Wild_pig,0.39641,12/01/2015,22
1,Wild_pig,0.4404,12/01/2015,26
1,Wild_pig,0.50135,12/01/2015,16
1,Wild_pig,1.94699,12/01/2015,21
1,Wild_pig,2.02727,12/01/2015,23
1,Wild_pig,2.0973,12/01/2015,38
1,Wild_pig,4.73595,12/01/2015,21
1,Wild_pig,4.76162,12/01/2015,23
1,Wild_pig,4.83114,12/01/2015,16
1,Wild_pig,5.19795,12/01/2015,11
1,Wild_pig,5.30747,12/01/2015,19
1,Wild_pig,5.32449,12/01/2015,40
1,Wild_pig,5.48062,12/01/2015,16
1,Wild_pig,5.76577,12/01/2015,10
1,Wild_pig,5.84336,12/01/2015,21
1,Wild_pig,5.99157,12/01/2015,38
1,Wild_pig,6.11338,12/01/2015,16
1,Wild_pig,0.36077,12/02/2015,34
1,Wild_pig,0.46506,12/02/2015,39
1,Wild_pig,0.49611,12/02/2015,35
1,Wild_pig,0.5148,12/02/2015,16
1,Wild_pig,1.15054,12/02/2015,26
1,Wild_pig,1.63879,12/02/2015,43
1,Wild_pig,1.65784,12/02/2015,8
1,Wild_pig,4.7433,12/02/2015,16
1,Wild_pig,4.84082,12/02/2015,8
1,Wild_pig,4.92401,12/02/2015,16
1,Wild_pig,4.9875,12/02/2015,20
1,Wild_pig,5.10269,12/02/2015,38
1,Wild_pig,5.14167,12/02/2015,16
1,Wild_pig,5.61836,12/02/2015,16
1,Wild_pig,5.73573,12/02/2015,39
1,Wild_pig,0.37437,12/03/2015,10
1,Wild_pig,0.56018,12/03/2015,40
1,Wild_pig,0.8267,12/03/2015,16
1,Wild_pig,0.97469,12/03/2015,38
1,Wild_pig,1.15214,12/03/2015,26
1,Wild_pig,1.41728,12/03/2015,16
1,Wild_pig,1.64235,12/03/2015,38
1,Wild_pig,1.81602,12/03/2015,11
1,Wild_pig,4.83602,12/03/2015,16
1,Wild_pig,5.62578,12/03/2015,16
1,Wild_pig,0.27896,12/04/2015,26
1,Wild_pig,0.37161,12/04/2015,16
1,Wild_pig,1.17562,12/04/2015,26
1,Wild_pig,1.26042,12/04/2015,15
1,Wild_pig,1.33089,12/04/2015,38
1,Wild_pig,1.63436,12/04/2015,42
1,Wild_pig,2.48739,12/04/2015,8
1,Wild_pig,5.863,12/04/2015,26
1,Wild_pig,5.90161,12/04/2015,14
1,Wild_pig,6.14218,12/04/2015,44
1,Wild_pig,6.21788,12/04/2015,16
1,Wild_pig,6.22872,12/04/2015,39
1,Wild_pig,0.28667,12/05/2015,15
1,Wild_pig,0.60388,12/05/2015,44
1,Wild_pig,0.67632,12/05/2015,38
1,Wild_pig,0.92721,12/05/2015,39
1,Wild_pig,1.07018,12/05/2015,39
1,Wild_pig,1.15184,12/05/2015,34
1,Wild_pig,1.81798,12/05/2015,16
1,Wild_pig,1.92561,12/05/2015,37
1,Wild_pig,4.68868,12/05/2015,39
1,Wild_pig,4.71203,12/05/2015,16
1,Wild_pig,4.72679,12/05/2015,15
1,Wild_pig,5.00524,12/05/2015,40
1,Wild_pig,5.09796,12/05/2015,15
1,Wild_pig,5.12269,12/05/2015,43
1,Wild_pig,5.26879,12/05/2015,39
1,Wild_pig,5.86598,12/05/2015,39
1,Wild_pig,5.89376,12/05/2015,8
1,Wild_pig,5.9275,12/05/2015,15
1,Wild_pig,0.19468,12/06/2015,15
1,Wild_pig,0.4447,12/06/2015,38
1,Wild_pig,0.61574,12/06/2015,26
1,Wild_pig,0.67472,12/06/2015,15
1,Wild_pig,0.82052,12/06/2015,27
1,Wild_pig,0.93215,12/06/2015,35
1,Wild_pig,1.02713,12/06/2015,11
1,Wild_pig,1.21417,12/06/2015,11
1,Wild_pig,1.54454,12/06/2015,16
1,Wild_pig,1.62476,12/06/2015,26
1,Wild_pig,1.67188,12/06/2015,23
1,Wild_pig,1.79987,12/06/2015,16
1,Wild_pig,1.91921,12/06/2015,23
1,Wild_pig,1.98698,12/06/2015,39
1,Wild_pig,2.18101,12/06/2015,18
1,Wild_pig,4.28107,12/06/2015,16
1,Wild_pig,4.70337,12/06/2015,16
1,Wild_pig,4.71537,12/06/2015,10
1,Wild_pig,5.12676,12/06/2015,8
1,Wild_pig,5.2994,12/06/2015,40
1,Wild_pig,5.33387,12/06/2015,15
1,Wild_pig,5.35351,12/06/2015,16
1,Wild_pig,5.6521,12/06/2015,16
1,Wild_pig,5.83965,12/06/2015,16
1,Wild_pig,6.14538,12/06/2015,39
1,Wild_pig,0.15395,12/07/2015,10
1,Wild_pig,0.29423,12/07/2015,18
1,Wild_pig,0.39575,12/07/2015,44
1,Wild_pig,0.59625,12/07/2015,16
1,Wild_pig,0.73464,12/07/2015,22
1,Wild_pig,0.74518,12/07/2015,23
1,Wild_pig,0.82678,12/07/2015,16
1,Wild_pig,0.9083,12/07/2015,44
1,Wild_pig,1.22202,12/07/2015,39
1,Wild_pig,1.74402,12/07/2015,11
1,Wild_pig,1.90961,12/07/2015,16
1,Wild_pig,2.02175,12/07/2015,18
1,Wild_pig,4.19817,12/07/2015,36
1,Wild_pig,4.77558,12/07/2015,16
1,Wild_pig,4.85587,12/07/2015,38
1,Wild_pig,4.98022,12/07/2015,39
1,Wild_pig,5.12312,12/07/2015,15
1,Wild_pig,5.27162,12/07/2015,39
1,Wild_pig,5.38121,12/07/2015,15
1,Wild_pig,5.50426,12/07/2015,16
1,Wild_pig,5.84656,12/07/2015,16
1,Wild_pig,6.02437,12/07/2015,22
1,Wild_pig,6.10705,12/07/2015,30
1,Wild_pig,6.15461,12/07/2015,16
1,Wild_pig,0.00124,12/08/2015,35
1,Wild_pig,0.1685,12/08/2015,16
1,Wild_pig,0.37605,12/08/2015,39
1,Wild_pig,0.48651,12/08/2015,38
1,Wild_pig,0.57872,12/08/2015,16
1,Wild_pig,1.12232,12/08/2015,11
1,Wild_pig,1.28827,12/08/2015,16
1,Wild_pig,1.67166,12/08/2015,16
1,Wild_pig,1.72751,12/08/2015,39
1,Wild_pig,1.82009,12/08/2015,10
1,Wild_pig,1.86779,12/08/2015,38
1,Wild_pig,1.89026,12/08/2015,16
1,Wild_pig,2.00618,12/08/2015,22
1,Wild_pig,2.53538,12/08/2015,28
1,Wild_pig,5.0296,12/08/2015,16
1,Wild_pig,5.04313,12/08/2015,26
1,Wild_pig,5.54884,12/08/2015,26
1,Wild_pig,5.55386,12/08/2015,38
1,Wild_pig,5.56273,12/08/2015,16
1,Wild_pig,5.83929,12/08/2015,40
1,Wild_pig,0.1866,12/09/2015,38
1,Wild_pig,0.25278,12/09/2015,18
1,Wild_pig,0.26602,12/09/2015,16
1,Wild_pig,0.5673,12/09/2015,16
1,Wild_pig,0.77224,12/09/2015,16
1,Wild_pig,1.09127,12/09/2015,16
1,Wild_pig,1.56578,12/09/2015,40
1,Wild_pig,1.8899,12/09/2015,23
1,Wild_pig,3.51684,12/09/2015,37
1,Wild_pig,4.47342,12/09/2015,38
1,Wild_pig,4.73915,12/09/2015,16
1,Wild_pig,4.76642,12/09/2015,23
1,Wild_pig,4.88743,12/09/2015,16
1,Wild_pig,4.98968,12/09/2015,12
1,Wild_pig,5.02655,12/09/2015,16
1,Wild_pig,5.17694,12/09/2015,16
1,Wild_pig,5.20944,12/09/2015,38
1,Wild_pig,5.61429,12/09/2015,10
1,Wild_pig,5.89994,12/09/2015,38
1,Wild_pig,0.03927,12/10/2015,38
1,Wild_pig,0.502,12/10/2015,23
1,Wild_pig,0.74162,12/10/2015,33
1,Wild_pig,0.91317,12/10/2015,35
1,Wild_pig,0.96306,12/10/2015,22
1,Wild_pig,0.97142,12/10/2015,14
1,Wild_pig,1.21773,12/10/2015,15
1,Wild_pig,1.4908,12/10/2015,28
1,Wild_pig,1.67959,12/10/2015,16
1,Wild_pig,4.58753,12/10/2015,38
1,Wild_pig,4.77537,12/10/2015,16
1,Wild_pig,4.96932,12/10/2015,9
1,Wild_pig,5.02429,12/10/2015,38
1,Wild_pig,5.23046,12/10/2015,16
1,Wild_pig,5.31075,12/10/2015,38
1,Wild_pig,5.40463,12/10/2015,20
1,Wild_pig,5.7806,12/10/2015,16
1,Wild_pig,6.11265,12/10/2015,38
1,Wild_pig,6.27737,12/10/2015,38
1,Wild_pig,0.20951,12/11/2015,27
1,Wild_pig,0.213,12/11/2015,39
1,Wild_pig,0.26253,12/11/2015,38
1,Wild_pig,0.70919,12/11/2015,26
1,Wild_pig,1.08749,12/11/2015,40
1,Wild_pig,1.17868,12/11/2015,22
1,Wild_pig,4.20697,12/11/2015,38
1,Wild_pig,4.84503,12/11/2015,33
1,Wild_pig,4.86343,12/11/2015,39
1,Wild_pig,5.09862,12/11/2015,38
1,Wild_pig,5.25097,12/11/2015,30
1,Wild_pig,5.33816,12/11/2015,39
1,Wild_pig,5.35474,12/11/2015,12
1,Wild_pig,5.3887,12/11/2015,29
1,Wild_pig,5.67814,12/11/2015,35
1,Wild_pig,5.89303,12/11/2015,38
1,Wild_pig,6.19759,12/11/2015,38
1,Wild_pig,0.43175,12/12/2015,38
1,Wild_pig,0.66235,12/12/2015,38
1,Wild_pig,0.74104,12/12/2015,39
1,Wild_pig,0.85921,12/12/2015,27
1,Wild_pig,1.40484,12/12/2015,26
1,Wild_pig,1.49589,12/12/2015,21
1,Wild_pig,2.44702,12/12/2015,37
1,Wild_pig,4.44419,12/12/2015,38
1,Wild_pig,4.82147,12/12/2015,40
1,Wild_pig,4.84729,12/12/2015,23
1,Wild_pig,4.84816,12/12/2015,16
1,Wild_pig,4.97419,12/12/2015,38
1,Wild_pig,5.20988,12/12/2015,37
1,Wild_pig,5.21853,12/12/2015,36
1,Wild_pig,5.22079,12/12/2015,15
1,Wild_pig,5.30006,12/12/2015,28
1,Wild_pig,5.35831,12/12/2015,43
1,Wild_pig,5.42921,12/12/2015,16
1,Wild_pig,5.47423,12/12/2015,38
1,Wild_pig,6.01542,12/12/2015,38
1,Wild_pig,6.25861,12/12/2015,43
1,Wild_pig,0.33983,12/13/2015,23
1,Wild_pig,1.17402,12/13/2015,35
1,Wild_pig,1.20202,12/13/2015,11
1,Wild_pig,2.86569,12/13/2015,23
1,Wild_pig,3.6905,12/13/2015,1
1,Wild_pig,4.72192,12/13/2015,16
1,Wild_pig,4.87805,12/13/2015,16
1,Wild_pig,5.2477,12/13/2015,11
1,Wild_pig,5.45539,12/13/2015,28
1,Wild_pig,5.4751,12/13/2015,16
1,Wild_pig,5.64512,12/13/2015,39
1,Wild_pig,5.94314,12/13/2015,28
1,Wild_pig,6.04735,12/13/2015,20
1,Wild_pig,0.14661,12/14/2015,38
1,Wild_pig,0.19039,12/14/2015,26
1,Wild_pig,0.42833,12/14/2015,38
1,Wild_pig,0.51407,12/14/2015,22
1,Wild_pig,1.39015,12/14/2015,24
1,Wild_pig,2.01193,12/14/2015,16
1,Wild_pig,4.01586,12/14/2015,16
1,Wild_pig,4.59989,12/14/2015,38
1,Wild_pig,4.97077,12/14/2015,16
1,Wild_pig,5.18814,12/14/2015,29
1,Wild_pig,5.33249,12/14/2015,16
1,Wild_pig,5.51822,12/14/2015,16
1,Wild_pig,5.72926,12/14/2015,16
1,Wild_pig,5.9819,12/14/2015,34
1,Wild_pig,0.12254,12/15/2015,38
1,Wild_pig,0.19119,12/15/2015,16
1,Wild_pig,0.28631,12/15/2015,21
1,Wild_pig,0.5388,12/15/2015,16
1,Wild_pig,0.70926,12/15/2015,16
1,Wild_pig,0.74598,12/15/2015,23
1,Wild_pig,1.03469,12/15/2015,16
1,Wild_pig,1.28165,12/15/2015,16
1,Wild_pig,1.29416,12/15/2015,1
1,Wild_pig,1.48833,12/15/2015,16
1,Wild_pig,1.67457,12/15/2015,14
1,Wild_pig,4.85303,12/15/2015,16
1,Wild_pig,5.0035,12/15/2015,16
1,Wild_pig,5.34442,12/15/2015,16
1,Wild_pig,5.99426,12/15/2015,22
1,Wild_pig,6.04298,12/15/2015,16
1,Wild_pig,6.25235,12/15/2015,38
1,Wild_pig,0.40237,12/16/2015,35
1,Wild_pig,0.482,12/16/2015,34
1,Wild_pig,0.50244,12/16/2015,26
1,Wild_pig,0.66395,12/16/2015,16
1,Wild_pig,0.80002,12/16/2015,42
1,Wild_pig,1.24966,12/16/2015,16
1,Wild_pig,1.29213,12/16/2015,38
1,Wild_pig,2.281,12/16/2015,34
1,Wild_pig,2.7225,12/16/2015,16
1,Wild_pig,4.88561,12/16/2015,16
1,Wild_pig,5.0144,12/16/2015,35
1,Wild_pig,5.12945,12/16/2015,38
1,Wild_pig,5.24915,12/16/2015,16
1,Wild_pig,5.26668,12/16/2015,38
1,Wild_pig,5.56455,12/16/2015,34
1,Wild_pig,5.56738,12/16/2015,35
1,Wild_pig,5.78897,12/16/2015,38
1,Wild_pig,5.81929,12/16/2015,34
1,Wild_pig,5.94176,12/16/2015,38
1,Wild_pig,6.25351,12/16/2015,39
1,Wild_pig,0.11076,12/17/2015,38
1,Wild_pig,0.41044,12/17/2015,38
1,Wild_pig,0.59632,12/17/2015,38
1,Wild_pig,0.99426,12/17/2015,34
1,Wild_pig,1.04109,12/17/2015,38
1,Wild_pig,1.25584,12/17/2015,22
1,Wild_pig,1.67603,12/17/2015,16
1,Wild_pig,4.82554,12/17/2015,16
1,Wild_pig,4.99637,12/17/2015,34
1,Wild_pig,5.05535,12/17/2015,43
1,Wild_pig,5.12087,12/17/2015,39
1,Wild_pig,5.6173400000000004,12/17/2015,38
1,Wild_pig,5.77995,12/17/2015,38
1,Wild_pig,5.79122,12/17/2015,34
1,Wild_pig,5.93056,12/17/2015,34
1,Wild_pig,6.23235,12/17/2015,36
1,Wild_pig,0.31532,12/18/2015,34
1,Wild_pig,0.5028,12/18/2015,16
1,Wild_pig,0.53938,12/18/2015,26
1,Wild_pig,0.62686,12/18/2015,39
1,Wild_pig,0.68431,12/18/2015,38
1,Wild_pig,0.90568,12/18/2015,18
1,Wild_pig,0.95491,12/18/2015,16
1,Wild_pig,1.36303,12/18/2015,27
1,Wild_pig,4.337,12/18/2015,37
1,Wild_pig,4.83834,12/18/2015,16
1,Wild_pig,5.25177,12/18/2015,26
1,Wild_pig,5.28238,12/18/2015,16
1,Wild_pig,5.30486,12/18/2015,14
1,Wild_pig,5.31802,12/18/2015,34
1,Wild_pig,5.47575,12/18/2015,14
1,Wild_pig,5.60047,12/18/2015,15
1,Wild_pig,5.70192,12/18/2015,35
1,Wild_pig,5.9251,12/18/2015,28
1,Wild_pig,0.10196,12/19/2015,16
1,Wild_pig,0.15977,12/19/2015,41
1,Wild_pig,0.28427,12/19/2015,35
1,Wild_pig,0.43226,12/19/2015,11
1,Wild_pig,1.18392,12/19/2015,16
1,Wild_pig,1.42179,12/19/2015,38
1,Wild_pig,1.7622,12/19/2015,23
1,Wild_pig,2.2282,12/19/2015,18
1,Wild_pig,4.41634,12/19/2015,38
1,Wild_pig,4.63007,12/19/2015,16
1,Wild_pig,4.77828,12/19/2015,16
1,Wild_pig,5.01106,12/19/2015,11
1,Wild_pig,5.07818,12/19/2015,38
1,Wild_pig,5.19766,12/19/2015,39
1,Wild_pig,5.23461,12/19/2015,16
1,Wild_pig,5.2509,12/19/2015,43
1,Wild_pig,5.72403,12/19/2015,26
1,Wild_pig,6.15854,12/19/2015,22
1,Wild_pig,0.02691,12/20/2015,22
1,Wild_pig,0.49116,12/20/2015,18
1,Wild_pig,0.65923,12/20/2015,40
1,Wild_pig,0.89535,12/20/2015,38
1,Wild_pig,0.90197,12/20/2015,39
1,Wild_pig,0.90234,12/20/2015,43
1,Wild_pig,0.92081,12/20/2015,14
1,Wild_pig,1.39343,12/20/2015,38
1,Wild_pig,1.42113,12/20/2015,27
1,Wild_pig,1.72926,12/20/2015,12
1,Wild_pig,3.51975,12/20/2015,39
1,Wild_pig,4.6132,12/20/2015,39
1,Wild_pig,4.74242,12/20/2015,38
1,Wild_pig,4.75333,12/20/2015,18
1,Wild_pig,4.75879,12/20/2015,21
1,Wild_pig,4.843,12/20/2015,16
1,Wild_pig,4.94081,12/20/2015,27
1,Wild_pig,4.9859,12/20/2015,16
1,Wild_pig,5.11912,12/20/2015,14
1,Wild_pig,5.18145,12/20/2015,16
1,Wild_pig,5.21664,12/20/2015,8
1,Wild_pig,5.40623,12/20/2015,42
1,Wild_pig,5.52789,12/20/2015,40
1,Wild_pig,5.58178,12/20/2015,22
1,Wild_pig,5.72868,12/20/2015,22
1,Wild_pig,5.80206,12/20/2015,23
1,Wild_pig,6.07709,12/20/2015,13
1,Wild_pig,6.20974,12/20/2015,42
1,Wild_pig,0.27474,09/21/2016,16
1,Wild_pig,0.36056,09/21/2016,41
1,Wild_pig,1.05585,09/21/2016,38
1,Wild_pig,1.07781,09/21/2016,41
1,Wild_pig,1.2602,09/21/2016,27
1,Wild_pig,1.40434,09/21/2016,16
1,Wild_pig,1.5788,09/21/2016,38
1,Wild_pig,1.81216,09/21/2016,40
1,Wild_pig,1.87223,09/21/2016,18
1,Wild_pig,2.71944,09/21/2016,39
1,Wild_pig,5.51873,09/21/2016,36
1,Wild_pig,5.64316,09/21/2016,27
1,Wild_pig,0.49691,09/22/2016,23
1,Wild_pig,0.53283,09/22/2016,15
1,Wild_pig,0.96662,09/22/2016,38
1,Wild_pig,0.98902,09/22/2016,4
1,Wild_pig,1.02778,09/22/2016,27
1,Wild_pig,1.90088,09/22/2016,18
1,Wild_pig,2.50353,09/22/2016,16
1,Wild_pig,3.78162,09/22/2016,9
1,Wild_pig,4.94997,09/22/2016,15
1,Wild_pig,5.30827,09/22/2016,27
1,Wild_pig,5.3698,09/22/2016,39
1,Wild_pig,5.78468,09/22/2016,5
1,Wild_pig,0.02443,09/23/2016,27
1,Wild_pig,0.21744,09/23/2016,27
1,Wild_pig,0.40477,09/23/2016,40
1,Wild_pig,0.43793,09/23/2016,27
1,Wild_pig,0.47858,09/23/2016,38
1,Wild_pig,0.59785,09/23/2016,27
1,Wild_pig,0.68482,09/23/2016,15
1,Wild_pig,0.79049,09/23/2016,35
1,Wild_pig,0.8267,09/23/2016,38
1,Wild_pig,0.90633,09/23/2016,11
1,Wild_pig,1.11061,09/23/2016,27
1,Wild_pig,1.24173,09/23/2016,19
1,Wild_pig,2.77187,09/23/2016,10
1,Wild_pig,5.4679,09/23/2016,39
1,Wild_pig,5.56796,09/23/2016,19
1,Wild_pig,5.70875,09/23/2016,27
1,Wild_pig,6.14756,09/23/2016,38
1,Wild_pig,6.16472,09/23/2016,20
1,Wild_pig,6.21752,09/23/2016,27
1,Wild_pig,6.23424,09/23/2016,40
1,Wild_pig,0.33648,09/24/2016,40
1,Wild_pig,1.1125,09/24/2016,40
1,Wild_pig,1.60221,09/24/2016,8
1,Wild_pig,4.72999,09/24/2016,36
1,Wild_pig,5.11018,09/24/2016,27
1,Wild_pig,5.39409,09/24/2016,40
1,Wild_pig,5.82373,09/24/2016,39
1,Wild_pig,6.25759,09/24/2016,20
1,Wild_pig,0.0965,09/25/2016,19
1,Wild_pig,0.52789,09/25/2016,27
1,Wild_pig,0.64941,09/25/2016,17
1,Wild_pig,0.68766,09/25/2016,27
1,Wild_pig,1.29852,09/25/2016,27
1,Wild_pig,1.61959,09/25/2016,16
1,Wild_pig,1.76845,09/25/2016,23
1,Wild_pig,1.81761,09/25/2016,15
1,Wild_pig,2.0965,09/25/2016,8
1,Wild_pig,4.33249,09/25/2016,29
1,Wild_pig,4.747,09/25/2016,8
1,Wild_pig,4.79115,09/25/2016,19
1,Wild_pig,4.83842,09/25/2016,10
1,Wild_pig,5.59763,09/25/2016,9
1,Wild_pig,5.91812,09/25/2016,33
1,Wild_pig,6.032,09/25/2016,35
1,Wild_pig,6.25395,09/25/2016,5
1,Wild_pig,0.30718,09/26/2016,27
1,Wild_pig,0.59188,09/26/2016,40
1,Wild_pig,1.36528,09/26/2016,20
1,Wild_pig,4.89361,09/26/2016,22
1,Wild_pig,5.14174,09/26/2016,37
1,Wild_pig,5.16508,09/26/2016,17
1,Wild_pig,5.31591,09/26/2016,27
1,Wild_pig,5.39132,09/26/2016,15
1,Wild_pig,6.02677,09/26/2016,20
1,Wild_pig,6.09338,09/26/2016,43
1,Wild_pig,6.15505,09/26/2016,19
1,Wild_pig,6.17163,09/26/2016,35
1,Wild_pig,6.2576599999999996,09/26/2016,12
1,Wild_pig,0.28994,09/27/2016,38
1,Wild_pig,0.85063,09/27/2016,36
1,Wild_pig,1.02873,09/27/2016,43
1,Wild_pig,1.02938,09/27/2016,40
1,Wild_pig,1.31998,09/27/2016,20
1,Wild_pig,1.41655,09/27/2016,37
1,Wild_pig,1.62177,09/27/2016,19
1,Wild_pig,2.05382,09/27/2016,39
1,Wild_pig,4.81078,09/27/2016,17
1,Wild_pig,5.0011,09/27/2016,15
1,Wild_pig,5.2562,09/27/2016,40
1,Wild_pig,5.65879,09/27/2016,27
1,Wild_pig,5.86983,09/27/2016,15
1,Wild_pig,1.02196,09/28/2016,17
1,Wild_pig,1.39561,09/28/2016,2
1,Wild_pig,1.44768,09/28/2016,8
1,Wild_pig,1.52338,09/28/2016,10
1,Wild_pig,2.43437,09/28/2016,39
1,Wild_pig,2.52098,09/28/2016,16
1,Wild_pig,4.77937,09/28/2016,16
1,Wild_pig,4.8747,09/28/2016,27
1,Wild_pig,0.15359,09/29/2016,27
1,Wild_pig,0.42528,09/29/2016,27
1,Wild_pig,5.1397,09/29/2016,27
1,Wild_pig,5.87907,09/29/2016,37
1,Wild_pig,5.95114,09/29/2016,5
1,Wild_pig,1.56272,09/30/2016,40
1,Wild_pig,2.77362,09/30/2016,37
1,Wild_pig,5.04618,09/30/2016,27
1,Wild_pig,5.25344,09/30/2016,22
1,Wild_pig,0.23591,10/01/2016,27
1,Wild_pig,0.97891,10/01/2016,40
1,Wild_pig,1.4732,10/01/2016,37
1,Wild_pig,5.14319,10/01/2016,35
1,Wild_pig,5.28529,10/01/2016,40
1,Wild_pig,5.40158,10/01/2016,27
1,Wild_pig,5.50775,10/01/2016,39
1,Wild_pig,5.53829,10/01/2016,27
1,Wild_pig,0.97491,10/02/2016,37
1,Wild_pig,1.06261,10/02/2016,27
1,Wild_pig,1.74933,10/02/2016,11
1,Wild_pig,2.25446,10/02/2016,10
1,Wild_pig,4.91223,10/02/2016,27
1,Wild_pig,5.5404,10/02/2016,39
1,Wild_pig,5.60549,10/02/2016,15
1,Wild_pig,5.94837,10/02/2016,41
1,Wild_pig,0.13526,10/03/2016,27
1,Wild_pig,0.44055,10/03/2016,39
1,Wild_pig,0.76664,10/03/2016,40
1,Wild_pig,1.43786,10/03/2016,10
1,Wild_pig,1.76649,10/03/2016,23
1,Wild_pig,2.9675,10/03/2016,10
1,Wild_pig,4.93339,10/03/2016,39
1,Wild_pig,5.47583,10/03/2016,27
1,Wild_pig,5.55204,10/03/2016,41
1,Wild_pig,5.55996,10/03/2016,39
1,Wild_pig,5.7441700000000004,10/03/2016,35
1,Wild_pig,5.84954,10/03/2016,26
1,Wild_pig,5.9347,10/03/2016,37
1,Wild_pig,6.02786,10/03/2016,35
1,Wild_pig,0.36957,10/04/2016,10
1,Wild_pig,0.49022,10/04/2016,39
1,Wild_pig,1.1701,10/04/2016,39
1,Wild_pig,1.8939,10/04/2016,10
1,Wild_pig,2.25482,10/04/2016,15
1,Wild_pig,4.94568,10/04/2016,10
1,Wild_pig,5.50077,10/04/2016,39
1,Wild_pig,5.67196,10/04/2016,27
1,Wild_pig,5.82271,10/04/2016,38
1,Wild_pig,5.91928,10/04/2016,37
1,Wild_pig,6.05702,10/04/2016,40
1,Wild_pig,0.03963,10/05/2016,39
1,Wild_pig,1.0304,10/05/2016,39
1,Wild_pig,1.30602,10/05/2016,39
1,Wild_pig,4.46121,10/05/2016,37
1,Wild_pig,4.81987,10/05/2016,37
1,Wild_pig,5.34754,10/05/2016,39
1,Wild_pig,5.6449,10/05/2016,9
1,Wild_pig,6.0872,10/05/2016,40
1,Wild_pig,0.06807,10/06/2016,39
1,Wild_pig,0.8294,10/06/2016,39
1,Wild_pig,1.25649,10/06/2016,37
1,Wild_pig,1.33278,10/06/2016,39
1,Wild_pig,1.59596,10/06/2016,27
1,Wild_pig,1.74482,10/06/2016,37
1,Wild_pig,2.60992,10/06/2016,15
1,Wild_pig,2.62301,10/06/2016,8
1,Wild_pig,3.18334,10/06/2016,37
1,Wild_pig,5.23257,10/06/2016,27
1,Wild_pig,0.18144,10/07/2016,39
1,Wild_pig,0.46368,10/07/2016,44
1,Wild_pig,0.54018,10/07/2016,10
1,Wild_pig,0.74496,10/07/2016,39
1,Wild_pig,1.209,10/07/2016,18
1,Wild_pig,1.39728,10/07/2016,36
1,Wild_pig,1.90743,10/07/2016,8
1,Wild_pig,4.24799,10/07/2016,37
1,Wild_pig,4.90721,10/07/2016,40
1,Wild_pig,5.05346,10/07/2016,38
1,Wild_pig,5.36892,10/07/2016,39
1,Wild_pig,5.67407,10/07/2016,15
1,Wild_pig,5.74548,10/07/2016,39
1,Wild_pig,0.03658,10/08/2016,39
1,Wild_pig,0.13628,10/08/2016,35
1,Wild_pig,0.52622,10/08/2016,5
1,Wild_pig,0.68301,10/08/2016,5
1,Wild_pig,0.88772,10/08/2016,39
1,Wild_pig,1.12799,10/08/2016,35
1,Wild_pig,1.24122,10/08/2016,9
1,Wild_pig,1.64839,10/08/2016,40
1,Wild_pig,2.49008,10/08/2016,38
1,Wild_pig,3.81565,10/08/2016,39
1,Wild_pig,4.1421,10/08/2016,44
1,Wild_pig,4.90219,10/08/2016,40
1,Wild_pig,5.3874,10/08/2016,40
1,Wild_pig,5.59313,10/08/2016,39
1,Wild_pig,5.59414,10/08/2016,27
1,Wild_pig,5.60425,10/08/2016,15
1,Wild_pig,6.16872,10/08/2016,38
1,Wild_pig,0.21584,10/09/2016,39
1,Wild_pig,0.72635,10/09/2016,39
1,Wild_pig,0.76671,10/09/2016,15
1,Wild_pig,1.36208,10/09/2016,15
1,Wild_pig,1.63312,10/09/2016,10
1,Wild_pig,1.87448,10/09/2016,37
1,Wild_pig,2.11199,10/09/2016,15
1,Wild_pig,4.95775,10/09/2016,36
1,Wild_pig,4.96859,10/09/2016,39
1,Wild_pig,5.17148,10/09/2016,15
1,Wild_pig,5.37183,10/09/2016,39
1,Wild_pig,5.71813,10/09/2016,15
1,Wild_pig,0.08174,10/10/2016,22
1,Wild_pig,0.26791,10/10/2016,41
1,Wild_pig,0.28471,10/10/2016,40
1,Wild_pig,0.50869,10/10/2016,39
1,Wild_pig,0.90364,10/10/2016,38
1,Wild_pig,0.9515,10/10/2016,35
1,Wild_pig,0.9568,10/10/2016,40
1,Wild_pig,1.26158,10/10/2016,37
1,Wild_pig,1.37147,10/10/2016,39
1,Wild_pig,1.61101,10/10/2016,5
1,Wild_pig,1.71973,10/10/2016,8
1,Wild_pig,1.86292,10/10/2016,40
1,Wild_pig,3.49728,10/10/2016,43
1,Wild_pig,4.74017,10/10/2016,40
1,Wild_pig,4.82562,10/10/2016,39
1,Wild_pig,4.89514,10/10/2016,34
1,Wild_pig,4.93201,10/10/2016,40
1,Wild_pig,5.08102,10/10/2016,40
1,Wild_pig,5.1192,10/10/2016,36
1,Wild_pig,5.21257,10/10/2016,40
1,Wild_pig,5.21344,10/10/2016,15
1,Wild_pig,5.46324,10/10/2016,40
1,Wild_pig,5.53946,10/10/2016,27
1,Wild_pig,5.64418,10/10/2016,17
1,Wild_pig,5.77311,10/10/2016,10
1,Wild_pig,6.00648,10/10/2016,27
1,Wild_pig,6.04684,10/10/2016,16
1,Wild_pig,6.13272,10/10/2016,35
1,Wild_pig,6.2285,10/10/2016,15
1,Wild_pig,6.27424,10/10/2016,27
1,Wild_pig,6.27606,10/10/2016,39
1,Wild_pig,0.01658,10/11/2016,35
1,Wild_pig,0.63166,10/11/2016,35
1,Wild_pig,0.64417,10/11/2016,37
1,Wild_pig,0.70177,10/11/2016,27
1,Wild_pig,0.89964,10/11/2016,27
1,Wild_pig,1.0232,10/11/2016,39
1,Wild_pig,1.04487,10/11/2016,27
1,Wild_pig,1.13825,10/11/2016,10
1,Wild_pig,1.56709,10/11/2016,40
1,Wild_pig,1.58163,10/11/2016,39
1,Wild_pig,1.82438,10/11/2016,43
1,Wild_pig,2.3567,10/11/2016,15
1,Wild_pig,2.84096,10/11/2016,40
1,Wild_pig,4.42499,10/11/2016,8
1,Wild_pig,4.43168,10/11/2016,40
1,Wild_pig,4.53531,10/11/2016,39
1,Wild_pig,4.54113,10/11/2016,15
1,Wild_pig,4.72337,10/11/2016,8
1,Wild_pig,4.86249,10/11/2016,18
1,Wild_pig,4.8702,10/11/2016,10
1,Wild_pig,5.23686,10/11/2016,28
1,Wild_pig,5.27395,10/11/2016,35
1,Wild_pig,5.81922,10/11/2016,39
1,Wild_pig,5.90605,10/11/2016,35
1,Wild_pig,6.07971,10/11/2016,15
1,Wild_pig,0.18799,10/12/2016,33
1,Wild_pig,0.36739,10/12/2016,40
1,Wild_pig,0.52389,10/12/2016,11
1,Wild_pig,0.53858,10/12/2016,22
1,Wild_pig,0.56025,10/12/2016,39
1,Wild_pig,0.60577,10/12/2016,43
1,Wild_pig,0.60985,10/12/2016,33
1,Wild_pig,0.68824,10/12/2016,35
1,Wild_pig,0.73929,10/12/2016,40
1,Wild_pig,0.95142,10/12/2016,40
1,Wild_pig,1.24333,10/12/2016,40
1,Wild_pig,1.4431,10/12/2016,39
1,Wild_pig,1.58905,10/12/2016,5
1,Wild_pig,4.44324,10/12/2016,37
1,Wild_pig,4.80242,10/12/2016,27
1,Wild_pig,5.16145,10/12/2016,40
1,Wild_pig,5.24639,10/12/2016,15
1,Wild_pig,5.27206,10/12/2016,39
1,Wild_pig,5.49641,10/12/2016,39
1,Wild_pig,5.57393,10/12/2016,38
1,Wild_pig,5.59247,10/12/2016,15
1,Wild_pig,5.73777,10/12/2016,43
1,Wild_pig,5.86329,10/12/2016,30
1,Wild_pig,5.88249,10/12/2016,5
1,Wild_pig,6.05586,10/12/2016,33
1,Wild_pig,6.24733,10/12/2016,15
1,Wild_pig,0.01004,10/13/2016,33
1,Wild_pig,0.15039,10/13/2016,15
1,Wild_pig,0.20958,10/13/2016,18
1,Wild_pig,0.22282,10/13/2016,8
1,Wild_pig,0.44244,10/13/2016,39
1,Wild_pig,0.53989,10/13/2016,41
1,Wild_pig,0.58025,10/13/2016,39
1,Wild_pig,0.66584,10/13/2016,10
1,Wild_pig,0.87186,10/13/2016,27
1,Wild_pig,0.93244,10/13/2016,39
1,Wild_pig,1.06269,10/13/2016,35
1,Wild_pig,1.06567,10/13/2016,39
1,Wild_pig,1.23729,10/13/2016,27
1,Wild_pig,1.42004,10/13/2016,33
1,Wild_pig,1.7033,10/13/2016,44
1,Wild_pig,2.98335,10/13/2016,10
1,Wild_pig,4.76904,10/13/2016,39
1,Wild_pig,5.2546,10/13/2016,39
1,Wild_pig,5.25788,10/13/2016,27
1,Wild_pig,5.34696,10/13/2016,38
1,Wild_pig,5.46797,10/13/2016,41
1,Wild_pig,5.52891,10/13/2016,27
1,Wild_pig,5.81216,10/13/2016,4
1,Wild_pig,6.18676,10/13/2016,27
1,Wild_pig,0.29511,10/14/2016,39
1,Wild_pig,0.37059,10/14/2016,41
1,Wild_pig,0.5356,10/14/2016,39
1,Wild_pig,0.67457,10/14/2016,43
1,Wild_pig,0.74446,10/14/2016,39
1,Wild_pig,1.28754,10/14/2016,39
1,Wild_pig,3.72053,10/14/2016,8
1,Wild_pig,4.11541,10/14/2016,39
1,Wild_pig,4.60825,10/14/2016,8
1,Wild_pig,4.71253,10/14/2016,39
1,Wild_pig,4.72679,10/14/2016,35
1,Wild_pig,4.96815,10/14/2016,18
1,Wild_pig,4.96983,10/14/2016,38
1,Wild_pig,5.0456,10/14/2016,39
1,Wild_pig,5.07971,10/14/2016,41
1,Wild_pig,5.20479,10/14/2016,40
1,Wild_pig,5.23933,10/14/2016,41
1,Wild_pig,5.27257,10/14/2016,18
1,Wild_pig,5.35569,10/14/2016,40
1,Wild_pig,5.53844,10/14/2016,40
1,Wild_pig,5.55044,10/14/2016,20
1,Wild_pig,5.64599,10/14/2016,27
1,Wild_pig,5.70032,10/14/2016,39
1,Wild_pig,5.76533,10/14/2016,38
1,Wild_pig,5.91085,10/14/2016,38
1,Wild_pig,6.09665,10/14/2016,37
1,Wild_pig,6.17185,10/14/2016,14
1,Wild_pig,6.1861,10/14/2016,38
1,Wild_pig,6.19919,10/14/2016,39
1,Wild_pig,6.22915,10/14/2016,8
1,Wild_pig,6.24552,10/14/2016,35
1,Wild_pig,0.07447,10/15/2016,38
1,Wild_pig,0.15315,10/15/2016,40
1,Wild_pig,0.27503,10/15/2016,38
1,Wild_pig,0.32594,10/15/2016,27
1,Wild_pig,0.40026,10/15/2016,39
1,Wild_pig,0.40033,10/15/2016,8
1,Wild_pig,0.4327,10/15/2016,43
1,Wild_pig,0.50273,10/15/2016,27
1,Wild_pig,0.61007,10/15/2016,35
1,Wild_pig,0.71958,10/15/2016,9
1,Wild_pig,0.79369,10/15/2016,39
1,Wild_pig,1.11905,10/15/2016,39
1,Wild_pig,1.13185,10/15/2016,27
1,Wild_pig,1.69311,10/15/2016,43
1,Wild_pig,1.97026,10/15/2016,10
1,Wild_pig,2.08211,10/15/2016,35
1,Wild_pig,3.72941,10/15/2016,40
1,Wild_pig,4.62069,10/15/2016,11
1,Wild_pig,4.81449,10/15/2016,39
1,Wild_pig,5.00895,10/15/2016,39
1,Wild_pig,5.14007,10/15/2016,15
1,Wild_pig,5.20203,10/15/2016,40
1,Wild_pig,5.48841,10/15/2016,27
1,Wild_pig,5.70388,10/15/2016,20
1,Wild_pig,6.20668,10/15/2016,9
1,Wild_pig,0.61392,10/16/2016,39
1,Wild_pig,1.16188,10/16/2016,39
1,Wild_pig,1.16653,10/16/2016,27
1,Wild_pig,1.19402,10/16/2016,11
1,Wild_pig,1.25635,10/16/2016,40
1,Wild_pig,1.6729,10/16/2016,10
1,Wild_pig,3.45182,10/16/2016,35
1,Wild_pig,4.33663,10/16/2016,43
1,Wild_pig,4.47939,10/16/2016,39
1,Wild_pig,4.68025,10/16/2016,38
1,Wild_pig,4.84714,10/16/2016,15
1,Wild_pig,4.8947,10/16/2016,39
1,Wild_pig,4.90925,10/16/2016,40
1,Wild_pig,4.9379,10/16/2016,35
1,Wild_pig,5.00997,10/16/2016,27
1,Wild_pig,5.32195,10/16/2016,39
1,Wild_pig,5.52324,10/16/2016,38
1,Wild_pig,5.81231,10/16/2016,38
1,Wild_pig,5.83565,10/16/2016,40
1,Wild_pig,5.98277,10/16/2016,27
1,Wild_pig,6.00415,10/16/2016,40
1,Wild_pig,6.05629,10/16/2016,39
1,Wild_pig,6.26522,10/16/2016,40
1,Wild_pig,0.00167,10/17/2016,36
1,Wild_pig,0.02611,10/17/2016,39
1,Wild_pig,0.24202,10/17/2016,40
1,Wild_pig,0.293,10/17/2016,39
1,Wild_pig,0.35372,10/17/2016,16
1,Wild_pig,0.52004,10/17/2016,39
1,Wild_pig,0.65079,10/17/2016,33
1,Wild_pig,0.78205,10/17/2016,40
1,Wild_pig,0.84954,10/17/2016,15
1,Wild_pig,0.98604,10/17/2016,27
1,Wild_pig,1.12785,10/17/2016,39
1,Wild_pig,1.15461,10/17/2016,5
1,Wild_pig,1.18682,10/17/2016,8
1,Wild_pig,1.48448,10/17/2016,15
1,Wild_pig,1.76184,10/17/2016,5
1,Wild_pig,2.1789,10/17/2016,39
1,Wild_pig,3.53953,10/17/2016,39
1,Wild_pig,4.39532,10/17/2016,40
1,Wild_pig,4.64418,10/17/2016,37
1,Wild_pig,4.83296,10/17/2016,27
1,Wild_pig,4.90088,10/17/2016,38
1,Wild_pig,5.02138,10/17/2016,16
1,Wild_pig,5.03106,10/17/2016,17
1,Wild_pig,5.03142,10/17/2016,39
1,Wild_pig,5.08989,10/17/2016,35
1,Wild_pig,5.0976,10/17/2016,38
1,Wild_pig,5.79929,10/17/2016,39
1,Wild_pig,5.86205,10/17/2016,27
1,Wild_pig,5.95943,10/17/2016,35
1,Wild_pig,5.98255,10/17/2016,39
1,Wild_pig,0.14203,10/18/2016,35
1,Wild_pig,0.35219,10/18/2016,39
1,Wild_pig,0.48629,10/18/2016,14
1,Wild_pig,0.7798,10/18/2016,40
1,Wild_pig,0.78634,10/18/2016,27
1,Wild_pig,0.99862,10/18/2016,39
1,Wild_pig,1.82845,10/18/2016,18
1,Wild_pig,1.92517,10/18/2016,33
1,Wild_pig,5.33264,10/18/2016,39
1,Wild_pig,5.42717,10/18/2016,42
1,Wild_pig,5.831,10/18/2016,27
1,Wild_pig,6.26246,10/18/2016,28
1,Wild_pig,0.02843,10/19/2016,16
1,Wild_pig,0.20377,10/19/2016,35
1,Wild_pig,0.44542,10/19/2016,40
1,Wild_pig,0.61232,10/19/2016,35
1,Wild_pig,1.03338,10/19/2016,11
1,Wild_pig,1.1453,10/19/2016,40
1,Wild_pig,1.21082,10/19/2016,15
1,Wild_pig,1.92175,10/19/2016,32
1,Wild_pig,2.36972,10/19/2016,37
1,Wild_pig,3.96095,10/19/2016,40
1,Wild_pig,4.4964,10/19/2016,37
1,Wild_pig,4.99462,10/19/2016,15
1,Wild_pig,5.0776,10/19/2016,40
1,Wild_pig,5.14843,10/19/2016,41
1,Wild_pig,5.35685,10/19/2016,38
1,Wild_pig,5.41583,10/19/2016,32
1,Wild_pig,5.48812,10/19/2016,40
1,Wild_pig,5.50862,10/19/2016,15
1,Wild_pig,5.81442,10/19/2016,9
1,Wild_pig,5.90925,10/19/2016,37
1,Wild_pig,5.93252,10/19/2016,40
1,Wild_pig,6.15934,10/19/2016,36
1,Wild_pig,0.01367,10/20/2016,28
1,Wild_pig,0.20624,10/20/2016,35
1,Wild_pig,0.30711,10/20/2016,39
1,Wild_pig,0.63959,10/20/2016,35
1,Wild_pig,1.13999,10/20/2016,40
1,Wild_pig,1.25671,10/20/2016,16
1,Wild_pig,1.26755,10/20/2016,27
1,Wild_pig,1.38746,10/20/2016,39
1,Wild_pig,1.66504,10/20/2016,8
1,Wild_pig,4.43597,10/20/2016,36
1,Wild_pig,4.76671,10/20/2016,40
1,Wild_pig,5.1733,10/20/2016,15
1,Wild_pig,5.58484,10/20/2016,15
1,Wild_pig,5.59334,10/20/2016,27
1,Wild_pig,6.07782,10/20/2016,35
1,Wild_pig,0.18464,10/21/2016,40
1,Wild_pig,0.21795,10/21/2016,27
1,Wild_pig,0.3815,10/21/2016,35
1,Wild_pig,0.63465,10/21/2016,16
1,Wild_pig,0.86081,10/21/2016,35
1,Wild_pig,1.11796,10/21/2016,22
1,Wild_pig,1.19373,10/21/2016,15
1,Wild_pig,1.28187,10/21/2016,27
1,Wild_pig,1.56083,10/21/2016,10
1,Wild_pig,1.83507,10/21/2016,11
1,Wild_pig,4.44761,10/21/2016,10
1,Wild_pig,4.6825,10/21/2016,43
1,Wild_pig,4.94743,10/21/2016,39
1,Wild_pig,4.9715,10/21/2016,40
1,Wild_pig,5.4191,10/21/2016,38
1,Wild_pig,5.61989,10/21/2016,15
1,Wild_pig,5.70657,10/21/2016,35
1,Wild_pig,5.83333,10/21/2016,40
1,Wild_pig,5.96546,10/21/2016,15
1,Wild_pig,6.11658,10/21/2016,40
1,Wild_pig,6.15549,10/21/2016,39
1,Wild_pig,6.24202,10/21/2016,33
1,Wild_pig,0.45393,10/22/2016,16
1,Wild_pig,0.56774,10/22/2016,23
1,Wild_pig,0.7462,10/22/2016,35
1,Wild_pig,0.8451,10/22/2016,15
1,Wild_pig,0.85332,10/22/2016,5
1,Wild_pig,1.08814,10/22/2016,11
1,Wild_pig,1.15068,10/22/2016,40
1,Wild_pig,1.18326,10/22/2016,15
1,Wild_pig,1.39903,10/22/2016,40
1,Wild_pig,1.78962,10/22/2016,11
1,Wild_pig,2.03978,10/22/2016,27
1,Wild_pig,4.88569,10/22/2016,27
1,Wild_pig,4.91637,10/22/2016,15
1,Wild_pig,5.12072,10/22/2016,15
1,Wild_pig,5.20203,10/22/2016,27
1,Wild_pig,5.29882,10/22/2016,37
1,Wild_pig,5.30107,10/22/2016,16
1,Wild_pig,5.40652,10/22/2016,43
1,Wild_pig,5.44034,10/22/2016,35
1,Wild_pig,5.51619,10/22/2016,28
1,Wild_pig,5.67676,10/22/2016,35
1,Wild_pig,5.84453,10/22/2016,5
1,Wild_pig,6.20406,10/22/2016,16
1,Wild_pig,0.07919,10/23/2016,2
1,Wild_pig,0.13912,10/23/2016,39
1,Wild_pig,0.38012,10/23/2016,5
1,Wild_pig,1.0144,10/23/2016,15
1,Wild_pig,1.07832,10/23/2016,40
1,Wild_pig,1.72199,10/23/2016,8
1,Wild_pig,4.42986,10/23/2016,16
1,Wild_pig,5.13694,10/23/2016,41
1,Wild_pig,5.2005,10/23/2016,15
1,Wild_pig,5.45154,10/23/2016,41
1,Wild_pig,5.46317,10/23/2016,27
1,Wild_pig,6.11607,10/23/2016,35
1,Wild_pig,6.17461,10/23/2016,16
1,Wild_pig,6.26704,10/23/2016,15
1,Wild_pig,0.12675,10/24/2016,38
1,Wild_pig,0.22726,10/24/2016,41
1,Wild_pig,0.6697,10/24/2016,38
1,Wild_pig,0.91659,10/24/2016,15
1,Wild_pig,1.4287,10/24/2016,40
1,Wild_pig,1.807,10/24/2016,16
1,Wild_pig,2.15345,10/24/2016,32
1,Wild_pig,2.42579,10/24/2016,5
1,Wild_pig,4.6433,10/24/2016,40
1,Wild_pig,4.79267,10/24/2016,5
1,Wild_pig,5.10138,10/24/2016,5
1,Wild_pig,5.40223,10/24/2016,38
1,Wild_pig,5.46601,10/24/2016,28
1,Wild_pig,5.69734,10/24/2016,17
1,Wild_pig,0.10457,10/25/2016,40
1,Wild_pig,0.1925,10/25/2016,10
1,Wild_pig,0.45589,10/25/2016,16
1,Wild_pig,0.69711,10/25/2016,35
1,Wild_pig,0.76082,10/25/2016,23
1,Wild_pig,0.76874,10/25/2016,15
1,Wild_pig,1.06029,10/25/2016,40
1,Wild_pig,1.12174,10/25/2016,16
1,Wild_pig,1.14566,10/25/2016,22
1,Wild_pig,1.59058,10/25/2016,10
1,Wild_pig,3.32071,10/25/2016,11
1,Wild_pig,4.01418,10/25/2016,16
1,Wild_pig,4.29809,10/25/2016,40
1,Wild_pig,4.64192,10/25/2016,15
1,Wild_pig,4.87347,10/25/2016,27
1,Wild_pig,5.0408,10/25/2016,37
1,Wild_pig,5.05186,10/25/2016,27
1,Wild_pig,5.2762,10/25/2016,27
1,Wild_pig,5.49248,10/25/2016,16
1,Wild_pig,5.75311,10/25/2016,15
1,Wild_pig,5.96503,10/25/2016,10
1,Wild_pig,6.05251,10/25/2016,35
1,Wild_pig,6.13418,10/25/2016,15
1,Wild_pig,0.04283,10/26/2016,35
1,Wild_pig,0.28776,10/26/2016,16
1,Wild_pig,0.50811,10/26/2016,16
1,Wild_pig,0.66628,10/26/2016,16
1,Wild_pig,1.22631,10/26/2016,16
1,Wild_pig,1.27314,10/26/2016,27
1,Wild_pig,1.65472,10/26/2016,17
1,Wild_pig,1.9251,10/26/2016,11
1,Wild_pig,1.9387,10/26/2016,14
1,Wild_pig,2.11985,10/26/2016,11
1,Wild_pig,3.63887,10/26/2016,16
1,Wild_pig,4.21708,10/26/2016,35
1,Wild_pig,4.62032,10/26/2016,15
1,Wild_pig,4.79195,10/26/2016,22
1,Wild_pig,4.89863,10/26/2016,4
1,Wild_pig,4.91477,10/26/2016,27
1,Wild_pig,4.91659,10/26/2016,40
1,Wild_pig,4.92968,10/26/2016,5
1,Wild_pig,4.94088,10/26/2016,15
1,Wild_pig,5.05884,10/26/2016,40
1,Wild_pig,5.18341,10/26/2016,15
1,Wild_pig,5.18974,10/26/2016,35
1,Wild_pig,5.44739,10/26/2016,35
1,Wild_pig,5.45772,10/26/2016,39
1,Wild_pig,0.38179,10/27/2016,5
1,Wild_pig,0.49051,10/27/2016,16
1,Wild_pig,0.61217,10/27/2016,5
1,Wild_pig,0.68286,10/27/2016,40
1,Wild_pig,0.77929,10/27/2016,4
1,Wild_pig,0.95113,10/27/2016,40
1,Wild_pig,1.09243,10/27/2016,5
1,Wild_pig,1.21642,10/27/2016,40
1,Wild_pig,1.35656,10/27/2016,40
1,Wild_pig,1.37314,10/27/2016,35
1,Wild_pig,1.5793,10/27/2016,39
1,Wild_pig,4.62861,10/27/2016,5
1,Wild_pig,4.79369,10/27/2016,15
1,Wild_pig,4.92052,10/27/2016,27
1,Wild_pig,5.0816,10/27/2016,35
1,Wild_pig,5.08996,10/27/2016,39
1,Wild_pig,5.3354,10/27/2016,15
1,Wild_pig,5.94794,10/27/2016,10
1,Wild_pig,5.97201,10/27/2016,35
1,Wild_pig,5.99695,10/27/2016,22
1,Wild_pig,6.03949,10/27/2016,14
1,Wild_pig,6.04415,10/27/2016,39
1,Wild_pig,6.1901,10/27/2016,15
1,Wild_pig,6.2669,10/27/2016,38
1,Wild_pig,0.04509,10/28/2016,15
1,Wild_pig,0.20428,10/28/2016,26
1,Wild_pig,0.47851,10/28/2016,18
1,Wild_pig,0.5825,10/28/2016,35
1,Wild_pig,0.72642,10/28/2016,28
1,Wild_pig,0.76416,10/28/2016,16
1,Wild_pig,0.82932,10/28/2016,5
1,Wild_pig,0.92801,10/28/2016,35
1,Wild_pig,1.03767,10/28/2016,16
1,Wild_pig,1.25751,10/28/2016,22
1,Wild_pig,1.4191,10/28/2016,16
1,Wild_pig,1.46295,10/28/2016,5
1,Wild_pig,1.60294,10/28/2016,5
1,Wild_pig,1.69915,10/28/2016,27
1,Wild_pig,2.09272,10/28/2016,5
1,Wild_pig,2.80743,10/28/2016,35
1,Wild_pig,3.09941,10/28/2016,35
1,Wild_pig,3.32398,10/28/2016,35
1,Wild_pig,3.92321,10/28/2016,35
1,Wild_pig,4.31976,10/28/2016,16
1,Wild_pig,4.47292,10/28/2016,11
1,Wild_pig,4.63516,10/28/2016,5
1,Wild_pig,4.67283,10/28/2016,15
1,Wild_pig,4.78206,10/28/2016,16
1,Wild_pig,4.9771,10/28/2016,27
1,Wild_pig,5.36645,10/28/2016,15
1,Wild_pig,5.52033,10/28/2016,15
1,Wild_pig,5.57422,10/28/2016,27
1,Wild_pig,6.05447,10/28/2016,16
1,Wild_pig,6.24079,10/28/2016,28
1,Wild_pig,0.1365,10/29/2016,27
1,Wild_pig,0.25009,10/29/2016,28
1,Wild_pig,0.35277,10/29/2016,15
1,Wild_pig,0.42332,10/29/2016,27
1,Wild_pig,0.73966,10/29/2016,16
1,Wild_pig,0.7406,10/29/2016,5
1,Wild_pig,0.95419,10/29/2016,28
1,Wild_pig,0.99317,10/29/2016,38
1,Wild_pig,1.07345,10/29/2016,27
1,Wild_pig,1.51051,10/29/2016,10
1,Wild_pig,1.78147,10/29/2016,10
1,Wild_pig,1.92852,10/29/2016,38
1,Wild_pig,1.94641,10/29/2016,11
1,Wild_pig,2.04116,10/29/2016,16
1,Wild_pig,2.88016,10/29/2016,11
1,Wild_pig,4.58483,10/29/2016,5
1,Wild_pig,4.84009,10/29/2016,16
1,Wild_pig,4.95717,10/29/2016,27
1,Wild_pig,5.01157,10/29/2016,40
1,Wild_pig,5.32275,10/29/2016,5
1,Wild_pig,5.53524,10/29/2016,27
1,Wild_pig,5.65574,10/29/2016,15
1,Wild_pig,6.00779,10/29/2016,5
1,Wild_pig,6.08844,10/29/2016,35
1,Wild_pig,6.16254,10/29/2016,15
1,Wild_pig,0.04131,10/30/2016,39
1,Wild_pig,0.22377,10/30/2016,38
1,Wild_pig,0.33387,10/30/2016,27
1,Wild_pig,0.57734,10/30/2016,24
1,Wild_pig,0.60527,10/30/2016,16
1,Wild_pig,0.70475,10/30/2016,5
1,Wild_pig,0.91004,10/30/2016,17
1,Wild_pig,1.10705,10/30/2016,37
1,Wild_pig,1.27671,10/30/2016,15
1,Wild_pig,1.57029,10/30/2016,16
1,Wild_pig,1.79223,10/30/2016,16
1,Wild_pig,1.92364,10/30/2016,35
1,Wild_pig,2.092,10/30/2016,16
1,Wild_pig,2.52098,10/30/2016,38
1,Wild_pig,3.16035,10/30/2016,16
1,Wild_pig,3.31438,10/30/2016,35
1,Wild_pig,4.72322,10/30/2016,16
1,Wild_pig,4.72519,10/30/2016,15
1,Wild_pig,4.81704,10/30/2016,38
1,Wild_pig,4.90118,10/30/2016,16
1,Wild_pig,5.14087,10/30/2016,27
1,Wild_pig,5.22966,10/30/2016,15
1,Wild_pig,5.52331,10/30/2016,27
1,Wild_pig,5.93477,10/30/2016,8
1,Wild_pig,5.9899,10/30/2016,15
1,Wild_pig,5.9971,10/30/2016,5
1,Wild_pig,6.01862,10/30/2016,38
1,Wild_pig,0.32441,10/31/2016,28
1,Wild_pig,0.39088,10/31/2016,39
1,Wild_pig,0.42346,10/31/2016,35
1,Wild_pig,0.47488,10/31/2016,27
1,Wild_pig,0.67624,10/31/2016,15
1,Wild_pig,0.87805,10/31/2016,5
1,Wild_pig,0.94182,10/31/2016,23
1,Wild_pig,1.06058,10/31/2016,18
1,Wild_pig,1.08494,10/31/2016,15
1,Wild_pig,1.3487,10/31/2016,40
1,Wild_pig,1.63705,10/31/2016,40
1,Wild_pig,1.77216,10/31/2016,8
1,Wild_pig,2.04793,10/31/2016,43
1,Wild_pig,4.70046,10/31/2016,15
1,Wild_pig,4.9019,10/31/2016,35
1,Wild_pig,4.95797,10/31/2016,27
1,Wild_pig,5.02866,10/31/2016,40
1,Wild_pig,5.0672,10/31/2016,10
1,Wild_pig,5.62592,10/31/2016,15
1,Wild_pig,5.77311,10/31/2016,38
1,Wild_pig,5.90765,10/31/2016,20
1,Wild_pig,5.9211,10/31/2016,27
1,Wild_pig,5.94503,10/31/2016,5
1,Wild_pig,6.03498,10/31/2016,16
1,Wild_pig,6.07484,10/31/2016,15
1,Wild_pig,0.01833,11/01/2016,37
1,Wild_pig,0.25409,11/01/2016,15
1,Wild_pig,0.57109,11/01/2016,15
1,Wild_pig,0.57741,11/01/2016,27
1,Wild_pig,0.82241,11/01/2016,35
1,Wild_pig,1.03782,11/01/2016,10
1,Wild_pig,1.28129,11/01/2016,15
1,Wild_pig,1.33576,11/01/2016,27
1,Wild_pig,1.40557,11/01/2016,9
1,Wild_pig,1.53378,11/01/2016,32
1,Wild_pig,1.803,11/01/2016,32
1,Wild_pig,2.47779,11/01/2016,10
1,Wild_pig,3.70097,11/01/2016,38
1,Wild_pig,4.45495,11/01/2016,39
1,Wild_pig,4.52418,11/01/2016,11
1,Wild_pig,4.65748,11/01/2016,10
1,Wild_pig,4.81762,11/01/2016,16
1,Wild_pig,4.88365,11/01/2016,15
1,Wild_pig,5.01797,11/01/2016,15
1,Wild_pig,5.18363,11/01/2016,38
1,Wild_pig,5.42834,11/01/2016,9
1,Wild_pig,5.49161,11/01/2016,27
1,Wild_pig,5.72148,11/01/2016,15
1,Wild_pig,5.73624,11/01/2016,17
1,Wild_pig,5.92961,11/01/2016,16
1,Wild_pig,6.04182,11/01/2016,13
1,Wild_pig,6.21781,11/01/2016,27
1,Wild_pig,0.01993,11/02/2016,15
1,Wild_pig,0.02436,11/02/2016,5
1,Wild_pig,0.38674,11/02/2016,20
1,Wild_pig,0.5676,11/02/2016,4
1,Wild_pig,1.15846,11/02/2016,27
1,Wild_pig,1.16799,11/02/2016,5
1,Wild_pig,1.51924,11/02/2016,16
1,Wild_pig,1.59167,11/02/2016,10
1,Wild_pig,1.61145,11/02/2016,40
1,Wild_pig,2.05382,11/02/2016,10
1,Wild_pig,2.20573,11/02/2016,40
1,Wild_pig,2.32805,11/02/2016,10
1,Wild_pig,2.65268,11/02/2016,16
1,Wild_pig,3.67588,11/02/2016,40
1,Wild_pig,3.68294,11/02/2016,10
1,Wild_pig,3.77747,11/02/2016,38
1,Wild_pig,4.32376,11/02/2016,16
1,Wild_pig,4.51989,11/02/2016,10
1,Wild_pig,4.66061,11/02/2016,35
1,Wild_pig,4.68606,11/02/2016,18
1,Wild_pig,4.82838,11/02/2016,27
1,Wild_pig,4.9171,11/02/2016,15
1,Wild_pig,5.02291,11/02/2016,35
1,Wild_pig,5.26842,11/02/2016,27
1,Wild_pig,5.5292,11/02/2016,28
1,Wild_pig,5.53698,11/02/2016,15
1,Wild_pig,5.68097,11/02/2016,15
1,Wild_pig,5.863,11/02/2016,29
1,Wild_pig,5.99062,11/02/2016,27
1,Wild_pig,6.05833,11/02/2016,15
1,Wild_pig,6.15658,11/02/2016,23
1,Wild_pig,6.17847,11/02/2016,27
1,Wild_pig,6.20785,11/02/2016,38
1,Wild_pig,0.24355,11/03/2016,18
1,Wild_pig,0.32012,11/03/2016,5
1,Wild_pig,0.4404,11/03/2016,15
1,Wild_pig,0.46106,11/03/2016,27
1,Wild_pig,0.56192,11/03/2016,22
1,Wild_pig,0.59487,11/03/2016,36
1,Wild_pig,0.60665,11/03/2016,27
1,Wild_pig,0.81281,11/03/2016,10
1,Wild_pig,0.84292,11/03/2016,15
1,Wild_pig,0.85208,11/03/2016,16
1,Wild_pig,1.15214,11/03/2016,15
1,Wild_pig,1.18588,11/03/2016,27
1,Wild_pig,1.25264,11/03/2016,10
1,Wild_pig,1.42542,11/03/2016,27
1,Wild_pig,1.68119,11/03/2016,10
1,Wild_pig,1.95281,11/03/2016,10
1,Wild_pig,2.83929,11/03/2016,35
1,Wild_pig,4.23424,11/03/2016,35
1,Wild_pig,4.45459,11/03/2016,34
1,Wild_pig,4.65145,11/03/2016,38
1,Wild_pig,4.79478,11/03/2016,27
1,Wild_pig,4.83558,11/03/2016,41
1,Wild_pig,4.94423,11/03/2016,15
1,Wild_pig,5.03157,11/03/2016,11
1,Wild_pig,5.29897,11/03/2016,20
1,Wild_pig,5.39387,11/03/2016,35
1,Wild_pig,5.85245,11/03/2016,15
1,Wild_pig,6.09789,11/03/2016,35
1,Wild_pig,0.21722,11/04/2016,28
1,Wild_pig,0.30172,11/04/2016,32
1,Wild_pig,1.23111,11/04/2016,15
1,Wild_pig,1.38136,11/04/2016,10
1,Wild_pig,1.38543,11/04/2016,18
1,Wild_pig,1.56701,11/04/2016,11
1,Wild_pig,2.27678,11/04/2016,38
1,Wild_pig,2.29111,11/04/2016,10
1,Wild_pig,2.34492,11/04/2016,5
1,Wild_pig,3.68352,11/04/2016,10
1,Wild_pig,4.29678,11/04/2016,11
1,Wild_pig,4.87609,11/04/2016,40
1,Wild_pig,4.87885,11/04/2016,27
1,Wild_pig,4.91347,11/04/2016,16
1,Wild_pig,5.16268,11/04/2016,15
1,Wild_pig,5.43605,11/04/2016,23
1,Wild_pig,5.61436,11/04/2016,28
1,Wild_pig,5.68061,11/04/2016,16
1,Wild_pig,6.24115,11/04/2016,17
1,Wild_pig,6.26806,11/04/2016,16
1,Wild_pig,0.03345,11/05/2016,27
1,Wild_pig,0.34921,11/05/2016,15
1,Wild_pig,0.48775,11/05/2016,15
1,Wild_pig,0.73471,11/05/2016,28
1,Wild_pig,0.82634,11/05/2016,27
1,Wild_pig,0.99033,11/05/2016,39
1,Wild_pig,1.37656,11/05/2016,5
1,Wild_pig,1.3799,11/05/2016,32
1,Wild_pig,1.38885,11/05/2016,18
1,Wild_pig,1.55116,11/05/2016,40
1,Wild_pig,1.59574,11/05/2016,8
1,Wild_pig,1.85638,11/05/2016,8
1,Wild_pig,1.88445,11/05/2016,16
1,Wild_pig,4.58149,11/05/2016,13
1,Wild_pig,4.71726,11/05/2016,11
1,Wild_pig,4.73624,11/05/2016,35
1,Wild_pig,4.75319,11/05/2016,38
1,Wild_pig,4.78177,11/05/2016,5
1,Wild_pig,4.9635,11/05/2016,15
1,Wild_pig,5.04407,11/05/2016,38
1,Wild_pig,5.22959,11/05/2016,16
1,Wild_pig,5.23577,11/05/2016,35
1,Wild_pig,5.42957,11/05/2016,16
1,Wild_pig,5.49939,11/05/2016,28
1,Wild_pig,5.67268,11/05/2016,28
1,Wild_pig,5.67436,11/05/2016,27
1,Wild_pig,5.89558,11/05/2016,16
1,Wild_pig,5.99862,11/05/2016,15
1,Wild_pig,6.08196,11/05/2016,4
1,Wild_pig,6.13796,11/05/2016,28
1,Wild_pig,6.25977,11/05/2016,15
1,Wild_pig,0.25024,11/06/2016,28
1,Wild_pig,0.293,11/06/2016,35
1,Wild_pig,0.31365,11/06/2016,16
1,Wild_pig,0.32725,11/06/2016,17
1,Wild_pig,0.3583,11/06/2016,10
1,Wild_pig,0.36565,11/06/2016,15
1,Wild_pig,0.39874,11/06/2016,28
1,Wild_pig,1.25206,11/06/2016,17
1,Wild_pig,1.26944,11/06/2016,27
1,Wild_pig,1.30412,11/06/2016,10
1,Wild_pig,1.37263,11/06/2016,16
1,Wild_pig,1.49167,11/06/2016,36
1,Wild_pig,1.58854,11/06/2016,16
1,Wild_pig,1.59974,11/06/2016,5
1,Wild_pig,1.96153,11/06/2016,18
1,Wild_pig,2.18588,11/06/2016,35
1,Wild_pig,2.43408,11/06/2016,10
1,Wild_pig,4.40514,11/06/2016,32
1,Wild_pig,4.79791,11/06/2016,38
1,Wild_pig,4.823,11/06/2016,24
1,Wild_pig,4.94095,11/06/2016,27
1,Wild_pig,4.95092,11/06/2016,38
1,Wild_pig,4.99811,11/06/2016,15
1,Wild_pig,5.22952,11/06/2016,40
1,Wild_pig,5.25286,11/06/2016,15
1,Wild_pig,5.30493,11/06/2016,5
1,Wild_pig,5.8174,11/06/2016,5
1,Wild_pig,5.93856,11/06/2016,35
1,Wild_pig,6.04429,11/06/2016,16
1,Wild_pig,6.16414,11/06/2016,27
1,Wild_pig,0.06247,11/07/2016,15
1,Wild_pig,0.07832,11/07/2016,28
1,Wild_pig,0.10625,11/07/2016,16
1,Wild_pig,0.18391,11/07/2016,5
1,Wild_pig,0.20224,11/07/2016,15
1,Wild_pig,0.28652,11/07/2016,39
1,Wild_pig,0.40877,11/07/2016,16
1,Wild_pig,0.51858,11/07/2016,27
1,Wild_pig,0.58723,11/07/2016,28
1,Wild_pig,0.79514,11/07/2016,16
1,Wild_pig,0.88481,11/07/2016,15
1,Wild_pig,0.93135,11/07/2016,27
1,Wild_pig,1.23468,11/07/2016,38
1,Wild_pig,1.30056,11/07/2016,5
1,Wild_pig,1.99295,11/07/2016,27
1,Wild_pig,2.61181,11/07/2016,40
1,Wild_pig,4.82053,11/07/2016,27
1,Wild_pig,4.86329,11/07/2016,15
1,Wild_pig,4.92554,11/07/2016,16
1,Wild_pig,4.95943,11/07/2016,39
1,Wild_pig,4.99142,11/07/2016,27
1,Wild_pig,5.02037,11/07/2016,38
1,Wild_pig,5.22319,11/07/2016,27
1,Wild_pig,5.34602,11/07/2016,40
1,Wild_pig,5.36267,11/07/2016,9
1,Wild_pig,5.54491,11/07/2016,35
1,Wild_pig,5.67639,11/07/2016,27
1,Wild_pig,5.67756,11/07/2016,17
1,Wild_pig,6.23403,11/07/2016,15
1,Wild_pig,0.12617,11/08/2016,28
1,Wild_pig,0.1821,11/08/2016,27
1,Wild_pig,0.36172,11/08/2016,16
1,Wild_pig,0.60148,11/08/2016,5
1,Wild_pig,0.66708,11/08/2016,15
1,Wild_pig,0.83645,11/08/2016,27
1,Wild_pig,0.95593,11/08/2016,28
1,Wild_pig,1.02553,11/08/2016,16
1,Wild_pig,1.14014,11/08/2016,35
1,Wild_pig,1.21744,11/08/2016,15
1,Wild_pig,1.26471,11/08/2016,16
1,Wild_pig,1.53087,11/08/2016,10
1,Wild_pig,1.55422,11/08/2016,16
1,Wild_pig,1.78322,11/08/2016,5
1,Wild_pig,4.70061,11/08/2016,32
1,Wild_pig,4.80693,11/08/2016,40
1,Wild_pig,4.83791,11/08/2016,16
1,Wild_pig,4.88641,11/08/2016,17
1,Wild_pig,4.97295,11/08/2016,27
1,Wild_pig,5.12778,11/08/2016,5
1,Wild_pig,5.14923,11/08/2016,27
1,Wild_pig,5.20392,11/08/2016,15
1,Wild_pig,5.33998,11/08/2016,37
1,Wild_pig,5.48062,11/08/2016,40
1,Wild_pig,5.71457,11/08/2016,5
1,Wild_pig,5.96546,11/08/2016,5
1,Wild_pig,0.0072,11/09/2016,27
1,Wild_pig,0.07163,11/09/2016,28
1,Wild_pig,0.20362,11/09/2016,9
1,Wild_pig,0.58614,11/09/2016,28
1,Wild_pig,0.87979,11/09/2016,17
1,Wild_pig,1.02734,11/09/2016,40
1,Wild_pig,1.26653,11/09/2016,40
1,Wild_pig,1.3879,11/09/2016,5
1,Wild_pig,1.90663,11/09/2016,5
1,Wild_pig,1.95033,11/09/2016,17
1,Wild_pig,2.48986,11/09/2016,5
1,Wild_pig,4.5188,11/09/2016,5
1,Wild_pig,4.71901,11/09/2016,17
1,Wild_pig,4.78249,11/09/2016,40
1,Wild_pig,4.86278,11/09/2016,27
1,Wild_pig,4.91092,11/09/2016,23
1,Wild_pig,4.99753,11/09/2016,27
1,Wild_pig,5.42027,11/09/2016,23
1,Wild_pig,5.50077,11/09/2016,21
1,Wild_pig,5.64803,11/09/2016,27
1,Wild_pig,5.68112,11/09/2016,17
1,Wild_pig,5.76002,11/09/2016,16
1,Wild_pig,5.81042,11/09/2016,5
1,Wild_pig,5.95586,11/09/2016,22
1,Wild_pig,6.10487,11/09/2016,27
1,Wild_pig,6.13134,11/09/2016,5
1,Wild_pig,0.15941,11/10/2016,22
1,Wild_pig,0.31881,11/10/2016,5
1,Wild_pig,0.36848,11/10/2016,28
1,Wild_pig,0.46818,11/10/2016,5
1,Wild_pig,0.67697,11/10/2016,27
1,Wild_pig,0.70024,11/10/2016,5
1,Wild_pig,0.88888,11/10/2016,28
1,Wild_pig,1.11032,11/10/2016,28
1,Wild_pig,1.11788,11/10/2016,27
1,Wild_pig,1.43888,11/10/2016,27
1,Wild_pig,1.67188,11/10/2016,10
1,Wild_pig,1.67893,11/10/2016,5
1,Wild_pig,1.68904,11/10/2016,17
1,Wild_pig,1.76547,11/10/2016,16
1,Wild_pig,1.89136,11/10/2016,10
1,Wild_pig,2.01549,11/10/2016,8
1,Wild_pig,2.10552,11/10/2016,10
1,Wild_pig,2.24253,11/10/2016,10
1,Wild_pig,3.72068,11/10/2016,10
1,Wild_pig,3.92445,11/10/2016,5
1,Wild_pig,4.49415,11/10/2016,10
1,Wild_pig,5.12145,11/10/2016,5
1,Wild_pig,5.17287,11/10/2016,16
1,Wild_pig,5.18079,11/10/2016,27
1,Wild_pig,5.19359,11/10/2016,10
1,Wild_pig,5.30718,11/10/2016,14
1,Wild_pig,5.34333,11/10/2016,27
1,Wild_pig,5.50877,11/10/2016,15
1,Wild_pig,5.61981,11/10/2016,5
1,Wild_pig,5.72744,11/10/2016,16
1,Wild_pig,5.77326,11/10/2016,15
1,Wild_pig,5.79507,11/10/2016,39
1,Wild_pig,5.88649,11/10/2016,5
1,Wild_pig,5.99833,11/10/2016,28
1,Wild_pig,6.24472,11/10/2016,16
1,Wild_pig,0.0757,11/11/2016,27
1,Wild_pig,0.10268,11/11/2016,17
1,Wild_pig,0.10436,11/11/2016,5
1,Wild_pig,0.1061,11/11/2016,10
1,Wild_pig,0.14152,11/11/2016,28
1,Wild_pig,0.44179,11/11/2016,15
1,Wild_pig,0.47102,11/11/2016,27
1,Wild_pig,0.5148,11/11/2016,37
1,Wild_pig,0.76889,11/11/2016,28
1,Wild_pig,0.81158,11/11/2016,15
1,Wild_pig,1.03309,11/11/2016,16
1,Wild_pig,1.23867,11/11/2016,28
1,Wild_pig,1.28434,11/11/2016,16
1,Wild_pig,1.49087,11/11/2016,16
1,Wild_pig,2.06923,11/11/2016,38
1,Wild_pig,3.04873,11/11/2016,10
1,Wild_pig,4.71195,11/11/2016,40
1,Wild_pig,4.74722,11/11/2016,5
1,Wild_pig,4.79275,11/11/2016,39
1,Wild_pig,4.84932,11/11/2016,10
1,Wild_pig,4.9179,11/11/2016,4
1,Wild_pig,4.94604,11/11/2016,27
1,Wild_pig,5.00611,11/11/2016,40
1,Wild_pig,5.15207,11/11/2016,27
1,Wild_pig,5.23104,11/11/2016,39
1,Wild_pig,5.39125,11/11/2016,40
1,Wild_pig,5.41787,11/11/2016,15
1,Wild_pig,5.59196,11/11/2016,15
1,Wild_pig,5.59742,11/11/2016,16
1,Wild_pig,5.67407,11/11/2016,14
1,Wild_pig,5.73093,11/11/2016,15
1,Wild_pig,5.82155,11/11/2016,5
1,Wild_pig,6.06902,11/11/2016,27
1,Wild_pig,6.21788,11/11/2016,5
1,Wild_pig,0.71348,11/12/2016,27
1,Wild_pig,0.90103,11/12/2016,16
1,Wild_pig,0.93368,11/12/2016,39
1,Wild_pig,1.01789,11/12/2016,28
1,Wild_pig,1.03062,11/12/2016,27
1,Wild_pig,1.21351,11/12/2016,27
1,Wild_pig,1.2266,11/12/2016,28
1,Wild_pig,1.24595,11/12/2016,16
1,Wild_pig,1.3783,11/12/2016,27
1,Wild_pig,1.5724,11/12/2016,40
1,Wild_pig,1.57516,11/12/2016,16
1,Wild_pig,1.64286,11/12/2016,15
1,Wild_pig,1.65312,11/12/2016,24
1,Wild_pig,1.75246,11/12/2016,27
1,Wild_pig,1.78067,11/12/2016,5
1,Wild_pig,1.89397,11/12/2016,16
1,Wild_pig,2.17635,11/12/2016,11
1,Wild_pig,2.84976,11/12/2016,11
1,Wild_pig,3.34856,11/12/2016,40
1,Wild_pig,4.86052,11/12/2016,21
1,Wild_pig,4.93339,11/12/2016,27
1,Wild_pig,4.9747,11/12/2016,8
1,Wild_pig,5.07644,11/12/2016,27
1,Wild_pig,5.11192,11/12/2016,18
1,Wild_pig,5.17788,11/12/2016,15
1,Wild_pig,5.81129,11/12/2016,16
1,Wild_pig,6.05877,11/12/2016,5
1,Wild_pig,6.16799,11/12/2016,27
1,Wild_pig,6.27453,11/12/2016,28
1,Wild_pig,0.04262,11/13/2016,17
1,Wild_pig,0.74271,11/13/2016,15
1,Wild_pig,1.19082,11/13/2016,9
1,Wild_pig,1.23438,11/13/2016,27
1,Wild_pig,1.38019,11/13/2016,15
1,Wild_pig,1.39248,11/13/2016,20
1,Wild_pig,4.3855,11/13/2016,9
1,Wild_pig,4.4111,11/13/2016,29
1,Wild_pig,4.5996,11/13/2016,17
1,Wild_pig,4.85594,11/13/2016,21
1,Wild_pig,4.88918,11/13/2016,40
1,Wild_pig,4.90997,11/13/2016,17
1,Wild_pig,5.08364,11/13/2016,23
1,Wild_pig,5.14712,11/13/2016,27
1,Wild_pig,5.24166,11/13/2016,4
1,Wild_pig,5.47415,11/13/2016,22
1,Wild_pig,5.48346,11/13/2016,27
1,Wild_pig,5.53684,11/13/2016,15
1,Wild_pig,5.61269,11/13/2016,36
1,Wild_pig,5.62192,11/13/2016,16
1,Wild_pig,5.66221,11/13/2016,5
1,Wild_pig,5.87565,11/13/2016,28
1,Wild_pig,5.89718,11/13/2016,18
1,Wild_pig,5.93165,11/13/2016,16
1,Wild_pig,5.96139,11/13/2016,40
1,Wild_pig,6.12727,11/13/2016,40
1,Wild_pig,6.1597,11/13/2016,28
1,Wild_pig,6.24457,11/13/2016,4
1,Wild_pig,6.24646,11/13/2016,14
1,Wild_pig,0.0456,11/14/2016,5
1,Wild_pig,0.07112,11/14/2016,28
1,Wild_pig,0.26413,11/14/2016,27
1,Wild_pig,0.3519,11/14/2016,15
1,Wild_pig,0.37146,11/14/2016,23
1,Wild_pig,0.50971,11/14/2016,15
1,Wild_pig,0.5188,11/14/2016,16
1,Wild_pig,0.94859,11/14/2016,5
1,Wild_pig,1.0709,11/14/2016,28
1,Wild_pig,1.16268,11/14/2016,5
1,Wild_pig,1.5793,11/14/2016,40
1,Wild_pig,1.73835,11/14/2016,40
1,Wild_pig,1.8547,11/14/2016,11
1,Wild_pig,1.86568,11/14/2016,10
1,Wild_pig,1.89528,11/14/2016,16
1,Wild_pig,1.99258,11/14/2016,40
1,Wild_pig,2.02415,11/14/2016,24
1,Wild_pig,2.08698,11/14/2016,5
1,Wild_pig,2.88437,11/14/2016,43
1,Wild_pig,3.48535,11/14/2016,5
1,Wild_pig,4.52324,11/14/2016,38
1,Wild_pig,4.70439,11/14/2016,18
1,Wild_pig,4.82671,11/14/2016,17
1,Wild_pig,5.03098,11/14/2016,26
1,Wild_pig,5.30006,11/14/2016,15
1,Wild_pig,5.56222,11/14/2016,15
1,Wild_pig,5.74301,11/14/2016,4
1,Wild_pig,5.90641,11/14/2016,19
1,Wild_pig,0.35241,11/15/2016,15
1,Wild_pig,0.4796,11/15/2016,40
1,Wild_pig,0.74831,11/15/2016,20
1,Wild_pig,0.86917,11/15/2016,15
1,Wild_pig,0.88808,11/15/2016,27
1,Wild_pig,0.92117,11/15/2016,20
1,Wild_pig,1.04494,11/15/2016,16
1,Wild_pig,1.05309,11/15/2016,23
1,Wild_pig,1.09156,11/15/2016,20
1,Wild_pig,1.23627,11/15/2016,27
1,Wild_pig,1.55654,11/15/2016,20
1,Wild_pig,1.63581,11/15/2016,37
1,Wild_pig,1.82031,11/15/2016,20
1,Wild_pig,2.53269,11/15/2016,37
1,Wild_pig,2.83703,11/15/2016,20
1,Wild_pig,3.0096,11/15/2016,11
1,Wild_pig,4.21853,11/15/2016,10
1,Wild_pig,4.67276,11/15/2016,15
1,Wild_pig,4.6937,11/15/2016,20
1,Wild_pig,4.92081,11/15/2016,20
1,Wild_pig,4.94983,11/15/2016,27
1,Wild_pig,5.09963,11/15/2016,5
1,Wild_pig,5.41532,11/15/2016,5
1,Wild_pig,5.65269,11/15/2016,16
1,Wild_pig,6.21439,11/15/2016,9
1,Wild_pig,6.27337,11/15/2016,17
1,Wild_pig,0.07643,11/16/2016,40
1,Wild_pig,0.16588,11/16/2016,22
1,Wild_pig,0.16988,11/16/2016,27
1,Wild_pig,0.20864,11/16/2016,40
1,Wild_pig,0.24187,11/16/2016,20
1,Wild_pig,0.40193,11/16/2016,20
1,Wild_pig,0.48956,11/16/2016,15
1,Wild_pig,0.49887,11/16/2016,44
1,Wild_pig,0.54309,11/16/2016,20
1,Wild_pig,0.80569,11/16/2016,20
1,Wild_pig,0.97586,11/16/2016,16
1,Wild_pig,1.35307,11/16/2016,43
1,Wild_pig,1.51596,11/16/2016,16
1,Wild_pig,1.69341,11/16/2016,16
1,Wild_pig,1.73158,11/16/2016,10
1,Wild_pig,1.8411,11/16/2016,5
1,Wild_pig,1.86532,11/16/2016,20
1,Wild_pig,2.4167,11/16/2016,37
1,Wild_pig,2.60789,11/16/2016,11
1,Wild_pig,4.38507,11/16/2016,10
1,Wild_pig,4.81827,11/16/2016,21
1,Wild_pig,4.91725,11/16/2016,5
1,Wild_pig,5.0488,11/16/2016,27
1,Wild_pig,5.06938,11/16/2016,5
1,Wild_pig,5.24639,11/16/2016,17
1,Wild_pig,5.46993,11/16/2016,27
1,Wild_pig,5.54651,11/16/2016,15
1,Wild_pig,5.55531,11/16/2016,16
1,Wild_pig,5.9523,11/16/2016,23
1,Wild_pig,5.97477,11/16/2016,5
1,Wild_pig,0.28311,11/17/2016,27
1,Wild_pig,0.32514,11/17/2016,23
1,Wild_pig,0.38135,11/17/2016,15
1,Wild_pig,0.45931,11/17/2016,23
1,Wild_pig,0.54272,11/17/2016,15
1,Wild_pig,0.70766,11/17/2016,15
1,Wild_pig,0.76787,11/17/2016,27
1,Wild_pig,0.86532,11/17/2016,23
1,Wild_pig,0.93201,11/17/2016,27
1,Wild_pig,0.9355,11/17/2016,40
1,Wild_pig,0.97026,11/17/2016,10
1,Wild_pig,1.10072,11/17/2016,27
1,Wild_pig,1.23475,11/17/2016,26
1,Wild_pig,1.36507,11/17/2016,16
1,Wild_pig,1.815,11/17/2016,9
1,Wild_pig,1.97811,11/17/2016,16
1,Wild_pig,2.08581,11/17/2016,11
1,Wild_pig,2.12821,11/17/2016,10
1,Wild_pig,2.21235,11/17/2016,16
1,Wild_pig,2.41241,11/17/2016,23
1,Wild_pig,4.0548400000000004,11/17/2016,10
1,Wild_pig,4.81369,11/17/2016,16
1,Wild_pig,4.91768,11/17/2016,40
1,Wild_pig,4.97644,11/17/2016,27
1,Wild_pig,5.35554,11/17/2016,18
1,Wild_pig,5.51553,11/17/2016,14
1,Wild_pig,5.558,11/17/2016,27
1,Wild_pig,5.63596,11/17/2016,41
1,Wild_pig,5.6793,11/17/2016,23
1,Wild_pig,5.79071,11/17/2016,16
1,Wild_pig,5.80155,11/17/2016,15
1,Wild_pig,5.81704,11/17/2016,36
1,Wild_pig,5.94496,11/17/2016,39
1,Wild_pig,0.18464,11/18/2016,16
1,Wild_pig,0.3759,11/18/2016,40
1,Wild_pig,0.52658,11/18/2016,15
1,Wild_pig,0.54396,11/18/2016,27
1,Wild_pig,0.74816,11/18/2016,21
1,Wild_pig,0.81805,11/18/2016,16
1,Wild_pig,1.04313,11/18/2016,10
1,Wild_pig,1.14152,11/18/2016,15
1,Wild_pig,1.16719,11/18/2016,16
1,Wild_pig,1.76984,11/18/2016,16
1,Wild_pig,1.98662,11/18/2016,20
1,Wild_pig,2.2197,11/18/2016,20
1,Wild_pig,2.26602,11/18/2016,38
1,Wild_pig,2.40535,11/18/2016,40
1,Wild_pig,3.9211,11/18/2016,5
1,Wild_pig,4.10756,11/18/2016,5
1,Wild_pig,4.38972,11/18/2016,40
1,Wild_pig,4.42106,11/18/2016,10
1,Wild_pig,4.56447,11/18/2016,10
1,Wild_pig,4.61945,11/18/2016,5
1,Wild_pig,4.82664,11/18/2016,27
1,Wild_pig,5.03048,11/18/2016,27
1,Wild_pig,5.11963,11/18/2016,40
1,Wild_pig,5.40659,11/18/2016,23
1,Wild_pig,5.85485,11/18/2016,27
1,Wild_pig,5.89936,11/18/2016,28
1,Wild_pig,6.20472,11/18/2016,39
1,Wild_pig,6.21214,11/18/2016,4
1,Wild_pig,6.23221,11/18/2016,27
1,Wild_pig,0.87172,11/19/2016,15
1,Wild_pig,0.90415,11/19/2016,16
1,Wild_pig,1.02429,11/19/2016,40
1,Wild_pig,1.05003,11/19/2016,16
1,Wild_pig,1.17395,11/19/2016,15
1,Wild_pig,1.83041,11/19/2016,16
1,Wild_pig,2.34114,11/19/2016,11
1,Wild_pig,2.82823,11/19/2016,40
1,Wild_pig,3.40943,11/19/2016,34
1,Wild_pig,3.70155,11/19/2016,5
1,Wild_pig,4.10116,11/19/2016,5
1,Wild_pig,4.5276,11/19/2016,29
1,Wild_pig,4.59422,11/19/2016,5
1,Wild_pig,4.80344,11/19/2016,29
1,Wild_pig,4.8062,11/19/2016,23
1,Wild_pig,4.80991,11/19/2016,17
1,Wild_pig,4.84322,11/19/2016,16
1,Wild_pig,4.99419,11/19/2016,16
1,Wild_pig,5.16181,11/19/2016,16
1,Wild_pig,5.96117,11/19/2016,16
1,Wild_pig,0.64206,11/20/2016,27
1,Wild_pig,0.70235,11/20/2016,15
1,Wild_pig,0.82765,11/20/2016,27
1,Wild_pig,0.93499,11/20/2016,21
1,Wild_pig,0.97091,11/20/2016,15
1,Wild_pig,0.99891,11/20/2016,27
1,Wild_pig,1.00327,11/20/2016,28
1,Wild_pig,1.10763,11/20/2016,16
1,Wild_pig,1.1941,11/20/2016,30
1,Wild_pig,1.2362,11/20/2016,17
1,Wild_pig,1.44244,11/20/2016,16
1,Wild_pig,1.83005,11/20/2016,9
1,Wild_pig,2.10429,11/20/2016,40
1,Wild_pig,2.25249,11/20/2016,10
1,Wild_pig,3.50891,11/20/2016,5
1,Wild_pig,3.74002,11/20/2016,5
1,Wild_pig,4.06778,11/20/2016,40
1,Wild_pig,4.321,11/20/2016,16
1,Wild_pig,5.05666,11/20/2016,27
1,Wild_pig,5.14319,11/20/2016,16
1,Wild_pig,5.29264,11/20/2016,27
1,Wild_pig,5.39539,11/20/2016,16
1,Wild_pig,5.59763,11/20/2016,22
1,Wild_pig,5.75013,11/20/2016,5
1,Wild_pig,0.26587,11/21/2016,23
1,Wild_pig,0.56469,11/21/2016,32
1,Wild_pig,0.9267,11/21/2016,2
1,Wild_pig,1.05462,11/21/2016,17
1,Wild_pig,1.17439,11/21/2016,23
1,Wild_pig,1.43241,11/21/2016,40
1,Wild_pig,2.29678,11/21/2016,11
1,Wild_pig,3.39467,11/21/2016,5
1,Wild_pig,3.64134,11/21/2016,5
1,Wild_pig,4.09062,11/21/2016,5
1,Wild_pig,4.46812,11/21/2016,5
1,Wild_pig,4.66948,11/21/2016,9
1,Wild_pig,4.7433,11/21/2016,5
1,Wild_pig,4.83274,11/21/2016,27
1,Wild_pig,5.0736,11/21/2016,40
1,Wild_pig,5.07367,11/21/2016,27
1,Wild_pig,5.1973,11/21/2016,5
1,Wild_pig,5.4631,11/21/2016,5
1,Wild_pig,5.51313,11/21/2016,27
1,Wild_pig,5.59116,11/21/2016,40
1,Wild_pig,5.77704,11/21/2016,5
1,Wild_pig,5.94634,11/21/2016,27
1,Wild_pig,6.26137,11/21/2016,15
1,Wild_pig,0.09207,11/22/2016,23
1,Wild_pig,0.19359,11/22/2016,43
1,Wild_pig,0.27205,11/22/2016,15
1,Wild_pig,0.27998,11/22/2016,27
1,Wild_pig,1.12908,11/22/2016,40
1,Wild_pig,1.16973,11/22/2016,15
1,Wild_pig,1.20399,11/22/2016,16
1,Wild_pig,1.23511,11/22/2016,37
1,Wild_pig,1.30245,11/22/2016,10
1,Wild_pig,1.55029,11/22/2016,16
1,Wild_pig,1.77587,11/22/2016,18
1,Wild_pig,1.7974,11/22/2016,11
1,Wild_pig,1.90539,11/22/2016,5
1,Wild_pig,1.94139,11/22/2016,18
1,Wild_pig,1.97782,11/22/2016,11
1,Wild_pig,1.99935,11/22/2016,10
1,Wild_pig,2.00153,11/22/2016,40
1,Wild_pig,2.18261,11/22/2016,10
1,Wild_pig,2.4844,11/22/2016,5
1,Wild_pig,2.64126,11/22/2016,5
1,Wild_pig,2.81543,11/22/2016,5
1,Wild_pig,3.16225,11/22/2016,5
1,Wild_pig,3.29525,11/22/2016,5
1,Wild_pig,4.51008,11/22/2016,5
1,Wild_pig,4.67574,11/22/2016,14
1,Wild_pig,4.75719,11/22/2016,16
1,Wild_pig,4.851,11/22/2016,5
1,Wild_pig,5.62301,11/22/2016,15
1,Wild_pig,5.72293,11/22/2016,5
1,Wild_pig,5.86314,11/22/2016,15
1,Wild_pig,6.01899,11/22/2016,27
1,Wild_pig,6.27628,11/22/2016,5
1,Wild_pig,0.66941,11/23/2016,18
1,Wild_pig,1.12225,11/23/2016,27
1,Wild_pig,1.30711,11/23/2016,15
1,Wild_pig,1.41299,11/23/2016,37
1,Wild_pig,1.53545,11/23/2016,15
1,Wild_pig,1.83732,11/23/2016,17
1,Wild_pig,2.0877,11/23/2016,5
1,Wild_pig,2.13105,11/23/2016,16
1,Wild_pig,3.96568,11/23/2016,40
1,Wild_pig,4.10661,11/23/2016,5
1,Wild_pig,4.69799,11/23/2016,40
1,Wild_pig,4.75079,11/23/2016,17
1,Wild_pig,4.82133,11/23/2016,16
1,Wild_pig,4.90154,11/23/2016,39
1,Wild_pig,4.98931,11/23/2016,27
1,Wild_pig,5.21904,11/23/2016,27
1,Wild_pig,5.74017,11/23/2016,40
1,Wild_pig,5.75711,11/23/2016,11
1,Wild_pig,6.00211,11/23/2016,20
1,Wild_pig,6.06887,11/23/2016,27
1,Wild_pig,0.04385,11/24/2016,27
1,Wild_pig,0.22464,11/24/2016,20
1,Wild_pig,0.27431,11/24/2016,16
1,Wild_pig,0.37626,11/24/2016,20
1,Wild_pig,0.4404,11/24/2016,4
1,Wild_pig,0.4988,11/24/2016,40
1,Wild_pig,0.54127,11/24/2016,20
1,Wild_pig,0.79972,11/24/2016,20
1,Wild_pig,0.90466,11/24/2016,15
1,Wild_pig,1.07992,11/24/2016,20
1,Wild_pig,1.09301,11/24/2016,16
1,Wild_pig,1.26187,11/24/2016,15
1,Wild_pig,1.47873,11/24/2016,20
1,Wild_pig,1.82481,11/24/2016,20
1,Wild_pig,2.57967,11/24/2016,5
1,Wild_pig,3.60941,11/24/2016,5
1,Wild_pig,3.78133,11/24/2016,5
1,Wild_pig,4.39801,11/24/2016,16
1,Wild_pig,4.67217,11/24/2016,5
1,Wild_pig,4.68585,11/24/2016,23
1,Wild_pig,4.7465,11/24/2016,30
1,Wild_pig,4.91121,11/24/2016,21
1,Wild_pig,4.91347,11/24/2016,36
1,Wild_pig,4.91347,11/24/2016,37
1,Wild_pig,4.96284,11/24/2016,40
1,Wild_pig,4.98226,11/24/2016,27
1,Wild_pig,5.1657400000000004,11/24/2016,27
1,Wild_pig,5.32151,11/24/2016,37
1,Wild_pig,5.39009,11/24/2016,27
1,Wild_pig,5.42594,11/24/2016,16
1,Wild_pig,6.11709,11/24/2016,27
1,Wild_pig,0.09054,11/25/2016,17
1,Wild_pig,0.16872,11/25/2016,5
1,Wild_pig,0.36906,11/25/2016,16
1,Wild_pig,0.38986,11/25/2016,27
1,Wild_pig,0.84707,11/25/2016,15
1,Wild_pig,1.36434,11/25/2016,15
1,Wild_pig,1.72809,11/25/2016,16
1,Wild_pig,1.75813,11/25/2016,30
1,Wild_pig,1.7862,11/25/2016,10
1,Wild_pig,1.89237,11/25/2016,1
1,Wild_pig,1.95971,11/25/2016,5
1,Wild_pig,2.2122,11/25/2016,20
1,Wild_pig,2.24297,11/25/2016,40
1,Wild_pig,2.60803,11/25/2016,20
1,Wild_pig,3.88321,11/25/2016,16
1,Wild_pig,4.29409,11/25/2016,16
1,Wild_pig,4.43597,11/25/2016,16
1,Wild_pig,4.55291,11/25/2016,5
1,Wild_pig,4.65567,11/25/2016,17
1,Wild_pig,4.79093,11/25/2016,17
1,Wild_pig,5.07905,11/25/2016,11
1,Wild_pig,5.14698,11/25/2016,5
1,Wild_pig,5.18385,11/25/2016,17
1,Wild_pig,5.45764,11/25/2016,20
1,Wild_pig,5.46993,11/25/2016,27
1,Wild_pig,5.53626,11/25/2016,17
1,Wild_pig,5.60396,11/25/2016,27
1,Wild_pig,5.6729,11/25/2016,40
1,Wild_pig,5.76075,11/25/2016,27
1,Wild_pig,6.1384,11/25/2016,39
1,Wild_pig,0.14821,11/26/2016,27
1,Wild_pig,0.15999,11/26/2016,16
1,Wild_pig,0.17664,11/26/2016,17
1,Wild_pig,0.5612,11/26/2016,27
1,Wild_pig,1.21031,11/26/2016,5
1,Wild_pig,1.45313,11/26/2016,14
1,Wild_pig,1.47888,11/26/2016,16
1,Wild_pig,1.53313,11/26/2016,39
1,Wild_pig,1.71253,11/26/2016,40
1,Wild_pig,3.53531,11/26/2016,10
1,Wild_pig,4.03498,11/26/2016,5
1,Wild_pig,4.21322,11/26/2016,40
1,Wild_pig,4.52251,11/26/2016,16
1,Wild_pig,4.69712,11/26/2016,16
1,Wild_pig,4.8979799999999996,11/26/2016,40
1,Wild_pig,4.91768,11/26/2016,16
1,Wild_pig,4.95434,11/26/2016,27
1,Wild_pig,5.34376,11/26/2016,27
1,Wild_pig,5.46608,11/26/2016,15
1,Wild_pig,5.55764,11/26/2016,27
1,Wild_pig,5.6969,11/26/2016,19
1,Wild_pig,5.73632,11/26/2016,27
1,Wild_pig,5.75319,11/26/2016,40
1,Wild_pig,5.92699,11/26/2016,17
1,Wild_pig,5.9851,11/26/2016,16
1,Wild_pig,6.12596,11/26/2016,27
1,Wild_pig,6.1657400000000004,11/26/2016,16
1,Wild_pig,0.07941,11/27/2016,15
1,Wild_pig,0.38237,11/27/2016,22
1,Wild_pig,0.74926,11/27/2016,15
1,Wild_pig,0.89339,11/27/2016,15
1,Wild_pig,1.0216,11/27/2016,27
1,Wild_pig,1.1429,11/27/2016,17
1,Wild_pig,1.28391,11/27/2016,40
1,Wild_pig,1.31111,11/27/2016,16
1,Wild_pig,1.317,11/27/2016,15
1,Wild_pig,1.49495,11/27/2016,16
1,Wild_pig,1.57152,11/27/2016,14
1,Wild_pig,1.66584,11/27/2016,16
1,Wild_pig,1.70228,11/27/2016,21
1,Wild_pig,1.8038,11/27/2016,40
1,Wild_pig,1.95644,11/27/2016,20
1,Wild_pig,1.99775,11/27/2016,27
1,Wild_pig,2.05753,11/27/2016,16
1,Wild_pig,2.33445,11/27/2016,20
1,Wild_pig,2.94524,11/27/2016,10
1,Wild_pig,3.61996,11/27/2016,5
1,Wild_pig,4.35031,11/27/2016,40
1,Wild_pig,4.52477,11/27/2016,11
1,Wild_pig,4.64083,11/27/2016,16
1,Wild_pig,4.8094,11/27/2016,27
1,Wild_pig,4.8939,11/27/2016,30
1,Wild_pig,5.09331,11/27/2016,17
1,Wild_pig,5.28835,11/27/2016,27
1,Wild_pig,5.45008,11/27/2016,32
1,Wild_pig,5.55836,11/27/2016,16
1,Wild_pig,5.97892,11/27/2016,27
1,Wild_pig,0.65784,11/28/2016,15
1,Wild_pig,0.77914,11/28/2016,27
1,Wild_pig,0.96313,11/28/2016,15
1,Wild_pig,1.08472,11/28/2016,27
1,Wild_pig,1.11694,11/28/2016,15
1,Wild_pig,1.24267,11/28/2016,27
1,Wild_pig,1.48513,11/28/2016,16
1,Wild_pig,1.58243,11/28/2016,18
1,Wild_pig,1.62854,11/28/2016,27
1,Wild_pig,1.63276,11/28/2016,23
1,Wild_pig,1.8411,11/28/2016,27
1,Wild_pig,2.5516,11/28/2016,5
1,Wild_pig,2.97128,11/28/2016,10
1,Wild_pig,3.80489,11/28/2016,5
1,Wild_pig,4.02837,11/28/2016,9
1,Wild_pig,4.20261,11/28/2016,5
1,Wild_pig,4.59487,11/28/2016,16
1,Wild_pig,4.9683,11/28/2016,11
1,Wild_pig,5.01789,11/28/2016,17
1,Wild_pig,5.22421,11/28/2016,27
1,Wild_pig,5.41321,11/28/2016,21
1,Wild_pig,5.67159,11/28/2016,40
1,Wild_pig,5.71159,11/28/2016,27
1,Wild_pig,5.89369,11/28/2016,16
1,Wild_pig,6.13345,11/28/2016,16
1,Wild_pig,0.25736,11/29/2016,15
1,Wild_pig,0.2698,11/29/2016,23
1,Wild_pig,0.28238,11/29/2016,20
1,Wild_pig,0.38834,11/29/2016,15
1,Wild_pig,0.44302,11/29/2016,17
1,Wild_pig,0.52294,11/29/2016,15
1,Wild_pig,0.97644,11/29/2016,15
1,Wild_pig,1.12174,11/29/2016,33
1,Wild_pig,1.17839,11/29/2016,16
1,Wild_pig,1.47829,11/29/2016,27
1,Wild_pig,4.55735,11/29/2016,5
1,Wild_pig,4.68723,11/29/2016,18
1,Wild_pig,4.79864,11/29/2016,16
1,Wild_pig,4.84125,11/29/2016,23
1,Wild_pig,4.85696,11/29/2016,18
1,Wild_pig,4.98313,11/29/2016,16
1,Wild_pig,5.13498,11/29/2016,28
1,Wild_pig,5.72141,11/29/2016,40
1,Wild_pig,6.04967,11/29/2016,40
1,Wild_pig,6.05993,11/29/2016,16
1,Wild_pig,6.14632,11/29/2016,27
1,Wild_pig,6.16247,11/29/2016,15
1,Wild_pig,0.15272,11/30/2016,27
1,Wild_pig,0.15824,11/30/2016,37
1,Wild_pig,0.26827,11/30/2016,21
1,Wild_pig,0.27198,11/30/2016,40
1,Wild_pig,0.28405,11/30/2016,27
1,Wild_pig,0.38586,11/30/2016,4
1,Wild_pig,0.39801,11/30/2016,15
1,Wild_pig,0.65283,11/30/2016,40
1,Wild_pig,0.91259,11/30/2016,27
1,Wild_pig,0.98146,11/30/2016,21
1,Wild_pig,1.1581,11/30/2016,16
1,Wild_pig,1.26071,11/30/2016,12
1,Wild_pig,1.73966,11/30/2016,17
1,Wild_pig,1.75464,11/30/2016,16
1,Wild_pig,1.88757,11/30/2016,5
1,Wild_pig,2.01738,11/30/2016,40
1,Wild_pig,2.43299,11/30/2016,10
1,Wild_pig,3.33162,11/30/2016,5
1,Wild_pig,4.64178,11/30/2016,16
1,Wild_pig,4.72242,11/30/2016,29
1,Wild_pig,4.95899,11/30/2016,16
1,Wild_pig,5.01695,11/30/2016,31
1,Wild_pig,5.2029,11/30/2016,16
1,Wild_pig,5.22333,11/30/2016,27
1,Wild_pig,5.38616,11/30/2016,21
1,Wild_pig,5.52004,11/30/2016,5
1,Wild_pig,5.86111,11/30/2016,15
1,Wild_pig,6.14661,11/30/2016,17
1,Wild_pig,6.17308,11/30/2016,16
1,Wild_pig,6.1957,11/30/2016,21
